{
  "timestamp": 1749997922.392019,
  "operations": {
    "table_address_generation": {
      "call_count": 1,
      "total_duration_seconds": 0.003793954849243164,
      "average_duration_seconds": 0.003793954849243164,
      "min_duration_seconds": 0.003793954849243164,
      "max_duration_seconds": 0.003793954849243164,
      "average_memory_delta_mb": 0.23828125,
      "min_memory_delta_mb": 0.23828125,
      "max_memory_delta_mb": 0.23828125,
      "calls_per_second": 263.57720103060393
    },
    "table_address_quality_analysis": {
      "call_count": 1,
      "total_duration_seconds": 0.008260488510131836,
      "average_duration_seconds": 0.008260488510131836,
      "min_duration_seconds": 0.008260488510131836,
      "max_duration_seconds": 0.008260488510131836,
      "average_memory_delta_mb": 0.546875,
      "min_memory_delta_mb": 0.546875,
      "max_memory_delta_mb": 0.546875,
      "calls_per_second": 121.05821571853262
    },
    "table_address_security_processing": {
      "call_count": 1,
      "total_duration_seconds": 9.393692016601562e-05,
      "average_duration_seconds": 9.393692016601562e-05,
      "min_duration_seconds": 9.393692016601562e-05,
      "max_duration_seconds": 9.393692016601562e-05,
      "average_memory_delta_mb": 0.0,
      "min_memory_delta_mb": 0.0,
      "max_memory_delta_mb": 0.0,
      "calls_per_second": 10645.441624365481
    },
    "table_address_business_rules": {
      "call_count": 1,
      "total_duration_seconds": 1.6450881958007812e-05,
      "average_duration_seconds": 1.6450881958007812e-05,
      "min_duration_seconds": 1.6450881958007812e-05,
      "max_duration_seconds": 1.6450881958007812e-05,
      "average_memory_delta_mb": 0.0,
      "min_memory_delta_mb": 0.0,
      "max_memory_delta_mb": 0.0,
      "calls_per_second": 60787.014492753624
    },
    "table_address_anomaly_detection": {
      "call_count": 1,
      "total_duration_seconds": 0.0012793540954589844,
      "average_duration_seconds": 0.0012793540954589844,
      "min_duration_seconds": 0.0012793540954589844,
      "max_duration_seconds": 0.0012793540954589844,
      "average_memory_delta_mb": 0.09765625,
      "min_memory_delta_mb": 0.09765625,
      "max_memory_delta_mb": 0.09765625,
      "calls_per_second": 781.6444278792396
    },
    "table_customer_generation": {
      "call_count": 1,
      "total_duration_seconds": 0.0035028457641601562,
      "average_duration_seconds": 0.0035028457641601562,
      "min_duration_seconds": 0.0035028457641601562,
      "max_duration_seconds": 0.0035028457641601562,
      "average_memory_delta_mb": 0.13671875,
      "min_memory_delta_mb": 0.13671875,
      "max_memory_delta_mb": 0.13671875,
      "calls_per_second": 285.4821671658045
    },
    "table_customer_quality_analysis": {
      "call_count": 1,
      "total_duration_seconds": 0.02046370506286621,
      "average_duration_seconds": 0.02046370506286621,
      "min_duration_seconds": 0.02046370506286621,
      "max_duration_seconds": 0.02046370506286621,
      "average_memory_delta_mb": 0.57421875,
      "min_memory_delta_mb": 0.57421875,
      "max_memory_delta_mb": 0.57421875,
      "calls_per_second": 48.867006093369525
    },
    "table_customer_security_processing": {
      "call_count": 1,
      "total_duration_seconds": 0.00012564659118652344,
      "average_duration_seconds": 0.00012564659118652344,
      "min_duration_seconds": 0.00012564659118652344,
      "max_duration_seconds": 0.00012564659118652344,
      "average_memory_delta_mb": 0.0,
      "min_memory_delta_mb": 0.0,
      "max_memory_delta_mb": 0.0,
      "calls_per_second": 7958.831119544592
    },
    "table_customer_business_rules": {
      "call_count": 1,
      "total_duration_seconds": 2.9325485229492188e-05,
      "average_duration_seconds": 2.9325485229492188e-05,
      "min_duration_seconds": 2.9325485229492188e-05,
      "max_duration_seconds": 2.9325485229492188e-05,
      "average_memory_delta_mb": 0.0,
      "min_memory_delta_mb": 0.0,
      "max_memory_delta_mb": 0.0,
      "calls_per_second": 34100.03252032521
    },
    "table_customer_anomaly_detection": {
      "call_count": 1,
      "total_duration_seconds": 0.0029680728912353516,
      "average_duration_seconds": 0.0029680728912353516,
      "min_duration_seconds": 0.0029680728912353516,
      "max_duration_seconds": 0.0029680728912353516,
      "average_memory_delta_mb": 0.0234375,
      "min_memory_delta_mb": 0.0234375,
      "max_memory_delta_mb": 0.0234375,
      "calls_per_second": 336.91894931319786
    },
    "table_product_category_generation": {
      "call_count": 1,
      "total_duration_seconds": 0.002010822296142578,
      "average_duration_seconds": 0.002010822296142578,
      "min_duration_seconds": 0.002010822296142578,
      "max_duration_seconds": 0.002010822296142578,
      "average_memory_delta_mb": 0.0078125,
      "min_memory_delta_mb": 0.0078125,
      "max_memory_delta_mb": 0.0078125,
      "calls_per_second": 497.3089874318236
    },
    "table_product_category_quality_analysis": {
      "call_count": 1,
      "total_duration_seconds": 0.003914594650268555,
      "average_duration_seconds": 0.003914594650268555,
      "min_duration_seconds": 0.003914594650268555,
      "max_duration_seconds": 0.003914594650268555,
      "average_memory_delta_mb": 0.0,
      "min_memory_delta_mb": 0.0,
      "max_memory_delta_mb": 0.0,
      "calls_per_second": 255.45429076070405
    },
    "table_product_category_security_processing": {
      "call_count": 1,
      "total_duration_seconds": 7.462501525878906e-05,
      "average_duration_seconds": 7.462501525878906e-05,
      "min_duration_seconds": 7.462501525878906e-05,
      "max_duration_seconds": 7.462501525878906e-05,
      "average_memory_delta_mb": 0.0,
      "min_memory_delta_mb": 0.0,
      "max_memory_delta_mb": 0.0,
      "calls_per_second": 13400.332268370606
    },
    "table_product_category_business_rules": {
      "call_count": 1,
      "total_duration_seconds": 1.5974044799804688e-05,
      "average_duration_seconds": 1.5974044799804688e-05,
      "min_duration_seconds": 1.5974044799804688e-05,
      "max_duration_seconds": 1.5974044799804688e-05,
      "average_memory_delta_mb": 0.0,
      "min_memory_delta_mb": 0.0,
      "max_memory_delta_mb": 0.0,
      "calls_per_second": 62601.55223880597
    },
    "table_product_category_anomaly_detection": {
      "call_count": 1,
      "total_duration_seconds": 0.0009150505065917969,
      "average_duration_seconds": 0.0009150505065917969,
      "min_duration_seconds": 0.0009150505065917969,
      "max_duration_seconds": 0.0009150505065917969,
      "average_memory_delta_mb": 0.0,
      "min_memory_delta_mb": 0.0,
      "max_memory_delta_mb": 0.0,
      "calls_per_second": 1092.8358520062532
    },
    "table_product_generation": {
      "call_count": 1,
      "total_duration_seconds": 0.0018374919891357422,
      "average_duration_seconds": 0.0018374919891357422,
      "min_duration_seconds": 0.0018374919891357422,
      "max_duration_seconds": 0.0018374919891357422,
      "average_memory_delta_mb": 0.0,
      "min_memory_delta_mb": 0.0,
      "max_memory_delta_mb": 0.0,
      "calls_per_second": 544.2200596859998
    },
    "table_product_quality_analysis": {
      "call_count": 1,
      "total_duration_seconds": 0.015516996383666992,
      "average_duration_seconds": 0.015516996383666992,
      "min_duration_seconds": 0.015516996383666992,
      "max_duration_seconds": 0.015516996383666992,
      "average_memory_delta_mb": 0.03125,
      "min_memory_delta_mb": 0.03125,
      "max_memory_delta_mb": 0.03125,
      "calls_per_second": 64.44546194858873
    },
    "table_product_security_processing": {
      "call_count": 1,
      "total_duration_seconds": 8.559226989746094e-05,
      "average_duration_seconds": 8.559226989746094e-05,
      "min_duration_seconds": 8.559226989746094e-05,
      "max_duration_seconds": 8.559226989746094e-05,