{
  "timestamp": 1749997021.9670026,
  "operations": {
    "table_address_generation": {
      "call_count": 1,
      "total_duration_seconds": 22.139484405517578,
      "average_duration_seconds": 22.139484405517578,
      "min_duration_seconds": 22.139484405517578,
      "max_duration_seconds": 22.139484405517578,
      "average_memory_delta_mb": 9.578125,
      "min_memory_delta_mb": 9.578125,
      "max_memory_delta_mb": 9.578125,
      "calls_per_second": 0.045168170210449034
    },
    "table_address_quality_analysis": {
      "call_count": 1,
      "total_duration_seconds": 0.04900932312011719,
      "average_duration_seconds": 0.04900932312011719,
      "min_duration_seconds": 0.04900932312011719,
      "max_duration_seconds": 0.04900932312011719,
      "average_memory_delta_mb": 0.28125,
      "min_memory_delta_mb": 0.28125,
      "max_memory_delta_mb": 0.28125,
      "calls_per_second": 20.40428098851917
    },
    "table_address_security_processing": {
      "call_count": 1,
      "total_duration_seconds": 0.014653682708740234,
      "average_duration_seconds": 0.014653682708740234,
      "min_duration_seconds": 0.014653682708740234,
      "max_duration_seconds": 0.014653682708740234,
      "average_memory_delta_mb": 2.5234375,
      "min_memory_delta_mb": 2.5234375,
      "max_memory_delta_mb": 2.5234375,
      "calls_per_second": 68.24223097198269
    },
    "table_address_business_rules": {
      "call_count": 1,
      "total_duration_seconds": 2.5510787963867188e-05,
      "average_duration_seconds": 2.5510787963867188e-05,
      "min_duration_seconds": 2.5510787963867188e-05,
      "max_duration_seconds": 2.5510787963867188e-05,
      "average_memory_delta_mb": 0.0,
      "min_memory_delta_mb": 0.0,
      "max_memory_delta_mb": 0.0,
      "calls_per_second": 39199.102803738315
    },
    "table_address_anomaly_detection": {
      "call_count": 1,
      "total_duration_seconds": 0.0060269832611083984,
      "average_duration_seconds": 0.0060269832611083984,
      "min_duration_seconds": 0.0060269832611083984,
      "max_duration_seconds": 0.0060269832611083984,
      "average_memory_delta_mb": 0.0859375,
      "min_memory_delta_mb": 0.0859375,
      "max_memory_delta_mb": 0.0859375,
      "calls_per_second": 165.92048736105068
    },
    "table_customer_generation": {
      "call_count": 1,
      "total_duration_seconds": 8.589406251907349,
      "average_duration_seconds": 8.589406251907349,
      "min_duration_seconds": 8.589406251907349,
      "max_duration_seconds": 8.589406251907349,
      "average_memory_delta_mb": 10.9375,
      "min_memory_delta_mb": 10.9375,
      "max_memory_delta_mb": 10.9375,
      "calls_per_second": 0.1164224826108256
    },
    "table_customer_quality_analysis": {
      "call_count": 1,
      "total_duration_seconds": 0.13307905197143555,
      "average_duration_seconds": 0.13307905197143555,
      "min_duration_seconds": 0.13307905197143555,
      "max_duration_seconds": 0.13307905197143555,
      "average_memory_delta_mb": 1.80859375,
      "min_memory_delta_mb": 1.80859375,
      "max_memory_delta_mb": 1.80859375,
      "calls_per_second": 7.514330656748612
    },
    "table_customer_security_processing": {
      "call_count": 1,
      "total_duration_seconds": 0.10042452812194824,
      "average_duration_seconds": 0.10042452812194824,
      "min_duration_seconds": 0.10042452812194824,
      "max_duration_seconds": 0.10042452812194824,
      "average_memory_delta_mb": 3.64453125,
      "min_memory_delta_mb": 3.64453125,
      "max_memory_delta_mb": 3.64453125,
      "calls_per_second": 9.957726650063744
    },
    "table_customer_business_rules": {
      "call_count": 1,
      "total_duration_seconds": 0.028632164001464844,
      "average_duration_seconds": 0.028632164001464844,
      "min_duration_seconds": 0.028632164001464844,
      "max_duration_seconds": 0.028632164001464844,
      "average_memory_delta_mb": 0.30078125,
      "min_memory_delta_mb": 0.30078125,
      "max_memory_delta_mb": 0.30078125,
      "calls_per_second": 34.9257569196949
    },
    "table_customer_anomaly_detection": {
      "call_count": 1,
      "total_duration_seconds": 0.02008342742919922,
      "average_duration_seconds": 0.02008342742919922,
      "min_duration_seconds": 0.02008342742919922,
      "max_duration_seconds": 0.02008342742919922,
      "average_memory_delta_mb": 0.8046875,
      "min_memory_delta_mb": 0.8046875,
      "max_memory_delta_mb": 0.8046875,
      "calls_per_second": 49.79229782990645
    },
    "table_product_category_generation": {
      "call_count": 1,
      "total_duration_seconds": 0.5654263496398926,
      "average_duration_seconds": 0.5654263496398926,
      "min_duration_seconds": 0.5654263496398926,
      "max_duration_seconds": 0.5654263496398926,
      "average_memory_delta_mb": 1.44921875,
      "min_memory_delta_mb": 1.44921875,
      "max_memory_delta_mb": 1.44921875,
      "calls_per_second": 1.7685769342671733
    },
    "table_product_category_quality_analysis": {
      "call_count": 1,
      "total_duration_seconds": 0.022885799407958984,
      "average_duration_seconds": 0.022885799407958984,
      "min_duration_seconds": 0.022885799407958984,
      "max_duration_seconds": 0.022885799407958984,
      "average_memory_delta_mb": 0.15625,
      "min_memory_delta_mb": 0.15625,
      "max_memory_delta_mb": 0.15625,
      "calls_per_second": 43.69521825190124
    },
    "table_product_category_security_processing": {
      "call_count": 1,
      "total_duration_seconds": 0.00928640365600586,
      "average_duration_seconds": 0.00928640365600586,
      "min_duration_seconds": 0.00928640365600586,
      "max_duration_seconds": 0.00928640365600586,
      "average_memory_delta_mb": 1.8359375,
      "min_memory_delta_mb": 1.8359375,
      "max_memory_delta_mb": 1.8359375,
      "calls_per_second": 107.6843132220796
    },
    "table_product_category_business_rules": {
      "call_count": 1,
      "total_duration_seconds": 2.2172927856445312e-05,
      "average_duration_seconds": 2.2172927856445312e-05,
      "min_duration_seconds": 2.2172927856445312e-05,
      "max_duration_seconds": 2.2172927856445312e-05,
      "average_memory_delta_mb": 0.0,
      "min_memory_delta_mb": 0.0,
      "max_memory_delta_mb": 0.0,
      "calls_per_second": 45100.04301075269
    },
    "table_product_category_anomaly_detection": {
      "call_count": 1,
      "total_duration_seconds": 0.004728794097900391,
      "average_duration_seconds": 0.004728794097900391,
      "min_duration_seconds": 0.004728794097900391,
      "max_duration_seconds": 0.004728794097900391,
      "average_memory_delta_mb": 0.0,
      "min_memory_delta_mb": 0.0,
      "max_memory_delta_mb": 0.0,
      "calls_per_second": 211.4704043561561
    },
    "table_product_generation": {
      "call_count": 1,
      "total_duration_seconds": 2.6470890045166016,
      "average_duration_seconds": 2.6470890045166016,
      "min_duration_seconds": 2.6470890045166016,
      "max_duration_seconds": 2.6470890045166016,
      "average_memory_delta_mb": 11.35546875,
      "min_memory_delta_mb": 11.35546875,
      "max_memory_delta_mb": 11.35546875,
      "calls_per_second": 0.3777734705156297
    },
    "table_product_quality_analysis": {
      "call_count": 1,
      "total_duration_seconds": 0.06800985336303711,
      "average_duration_seconds": 0.06800985336303711,
      "min_duration_seconds": 0.06800985336303711,
      "max_duration_seconds": 0.06800985336303711,
      "average_memory_delta_mb": 2.171875,
      "min_memory_delta_mb": 2.171875,
      "max_memory_delta_mb": 2.171875,
      "calls_per_second": 14.70375174405968
    },
    "table_product_security_processing": {
      "call_count": 1,
      "total_duration_seconds": 0.026171445846557617,
      "average_duration_seconds": 0.026171445846557617,
      "min_duration_seconds": 0.026171445846557617,
      "max_duration_seconds": 0.026171445846557617,
      "average_memory_delta_mb": 4.40625,