{
  "timestamp": 1749998561.6894574,
  "operations": {
    "table_address_generation": {
      "call_count": 1,
      "total_duration_seconds": 136.04491066932678,
      "average_duration_seconds": 136.04491066932678,
      "min_duration_seconds": 136.04491066932678,
      "max_duration_seconds": 136.04491066932678,
      "average_memory_delta_mb": 56.6875,
      "min_memory_delta_mb": 56.6875,
      "max_memory_delta_mb": 56.6875,
      "calls_per_second": 0.00735051384928774
    },
    "table_address_quality_analysis": {
      "call_count": 1,
      "total_duration_seconds": 0.0493321418762207,
      "average_duration_seconds": 0.0493321418762207,
      "min_duration_seconds": 0.0493321418762207,
      "max_duration_seconds": 0.0493321418762207,
      "average_memory_delta_mb": 1.02734375,
      "min_memory_delta_mb": 1.02734375,
      "max_memory_delta_mb": 1.02734375,
      "calls_per_second": 20.27075983258745
    },
    "table_address_security_processing": {
      "call_count": 1,
      "total_duration_seconds": 0.14029526710510254,
      "average_duration_seconds": 0.14029526710510254,
      "min_duration_seconds": 0.14029526710510254,
      "max_duration_seconds": 0.14029526710510254,
      "average_memory_delta_mb": 21.4140625,
      "min_memory_delta_mb": 21.4140625,
      "max_memory_delta_mb": 21.4140625,
      "calls_per_second": 7.127824199877303
    },
    "table_address_business_rules": {
      "call_count": 1,
      "total_duration_seconds": 2.0265579223632812e-05,
      "average_duration_seconds": 2.0265579223632812e-05,
      "min_duration_seconds": 2.0265579223632812e-05,
      "max_duration_seconds": 2.0265579223632812e-05,
      "average_memory_delta_mb": 0.0,
      "min_memory_delta_mb": 0.0,
      "max_memory_delta_mb": 0.0,
      "calls_per_second": 49344.75294117647
    },
    "table_address_anomaly_detection": {
      "call_count": 1,
      "total_duration_seconds": 0.0059816837310791016,
      "average_duration_seconds": 0.0059816837310791016,
      "min_duration_seconds": 0.0059816837310791016,
      "max_duration_seconds": 0.0059816837310791016,
      "average_memory_delta_mb": 0.25390625,
      "min_memory_delta_mb": 0.25390625,
      "max_memory_delta_mb": 0.25390625,
      "calls_per_second": 167.17700984495198
    },
    "table_customer_generation": {
      "call_count": 1,
      "total_duration_seconds": 65.08308553695679,
      "average_duration_seconds": 65.08308553695679,
      "min_duration_seconds": 65.08308553695679,
      "max_duration_seconds": 65.08308553695679,
      "average_memory_delta_mb": 71.390625,
      "min_memory_delta_mb": 71.390625,
      "max_memory_delta_mb": 71.390625,
      "calls_per_second": 0.015364975273524177
    },
    "table_customer_quality_analysis": {
      "call_count": 1,
      "total_duration_seconds": 0.10008072853088379,
      "average_duration_seconds": 0.10008072853088379,
      "min_duration_seconds": 0.10008072853088379,
      "max_duration_seconds": 0.10008072853088379,
      "average_memory_delta_mb": 2.9921875,
      "min_memory_delta_mb": 2.9921875,
      "max_memory_delta_mb": 2.9921875,
      "calls_per_second": 9.991933658750408
    },
    "table_customer_security_processing": {
      "call_count": 1,
      "total_duration_seconds": 0.6545109748840332,
      "average_duration_seconds": 0.6545109748840332,
      "min_duration_seconds": 0.6545109748840332,
      "max_duration_seconds": 0.6545109748840332,
      "average_memory_delta_mb": 50.2890625,
      "min_memory_delta_mb": 50.2890625,
      "max_memory_delta_mb": 50.2890625,
      "calls_per_second": 1.5278582611654157
    },
    "table_customer_business_rules": {
      "call_count": 1,
      "total_duration_seconds": 2.09808349609375e-05,
      "average_duration_seconds": 2.09808349609375e-05,
      "min_duration_seconds": 2.09808349609375e-05,
      "max_duration_seconds": 2.09808349609375e-05,
      "average_memory_delta_mb": 0.0,
      "min_memory_delta_mb": 0.0,
      "max_memory_delta_mb": 0.0,
      "calls_per_second": 47662.545454545456
    },
    "table_customer_anomaly_detection": {
      "call_count": 1,
      "total_duration_seconds": 0.014334440231323242,
      "average_duration_seconds": 0.014334440231323242,
      "min_duration_seconds": 0.014334440231323242,
      "max_duration_seconds": 0.014334440231323242,
      "average_memory_delta_mb": 0.2109375,
      "min_memory_delta_mb": 0.2109375,
      "max_memory_delta_mb": 0.2109375,
      "calls_per_second": 69.76205445503385
    },
    "table_product_category_generation": {
      "call_count": 1,
      "total_duration_seconds": 4.563598394393921,
      "average_duration_seconds": 4.563598394393921,
      "min_duration_seconds": 4.563598394393921,
      "max_duration_seconds": 4.563598394393921,
      "average_memory_delta_mb": 5.578125,
      "min_memory_delta_mb": 5.578125,
      "max_memory_delta_mb": 5.578125,
      "calls_per_second": 0.21912532908864943
    },
    "table_product_category_quality_analysis": {
      "call_count": 1,
      "total_duration_seconds": 0.023049116134643555,
      "average_duration_seconds": 0.023049116134643555,
      "min_duration_seconds": 0.023049116134643555,
      "max_duration_seconds": 0.023049116134643555,
      "average_memory_delta_mb": 0.0,
      "min_memory_delta_mb": 0.0,
      "max_memory_delta_mb": 0.0,
      "calls_per_second": 43.385611585208174
    },
    "table_product_category_security_processing": {
      "call_count": 1,
      "total_duration_seconds": 0.0895540714263916,
      "average_duration_seconds": 0.0895540714263916,
      "min_duration_seconds": 0.0895540714263916,
      "max_duration_seconds": 0.0895540714263916,
      "average_memory_delta_mb": -0.3671875,
      "min_memory_delta_mb": -0.3671875,
      "max_memory_delta_mb": -0.3671875,
      "calls_per_second": 11.166438153757683
    },
    "table_product_category_business_rules": {
      "call_count": 1,
      "total_duration_seconds": 2.2172927856445312e-05,
      "average_duration_seconds": 2.2172927856445312e-05,
      "min_duration_seconds": 2.2172927856445312e-05,
      "max_duration_seconds": 2.2172927856445312e-05,
      "average_memory_delta_mb": 0.0,
      "min_memory_delta_mb": 0.0,
      "max_memory_delta_mb": 0.0,
      "calls_per_second": 45100.04301075269
    },
    "table_product_category_anomaly_detection": {
      "call_count": 1,
      "total_duration_seconds": 0.004335880279541016,
      "average_duration_seconds": 0.004335880279541016,
      "min_duration_seconds": 0.004335880279541016,
      "max_duration_seconds": 0.004335880279541016,
      "average_memory_delta_mb": -0.00390625,
      "min_memory_delta_mb": -0.00390625,
      "max_memory_delta_mb": -0.00390625,
      "calls_per_second": 230.63367425492137
    },
    "table_product_generation": {
      "call_count": 1,
      "total_duration_seconds": 26.752533674240112,
      "average_duration_seconds": 26.752533674240112,
      "min_duration_seconds": 26.752533674240112,
      "max_duration_seconds": 26.752533674240112,
      "average_memory_delta_mb": 90.3359375,
      "min_memory_delta_mb": 90.3359375,
      "max_memory_delta_mb": 90.3359375,
      "calls_per_second": 0.037379637090706484
    },
    "table_product_quality_analysis": {
      "call_count": 1,
      "total_duration_seconds": 0.08718752861022949,
      "average_duration_seconds": 0.08718752861022949,
      "min_duration_seconds": 0.08718752861022949,
      "max_duration_seconds": 0.08718752861022949,
      "average_memory_delta_mb": 2.27734375,
      "min_memory_delta_mb": 2.27734375,
      "max_memory_delta_mb": 2.27734375,
      "calls_per_second": 11.46953028649871
    },
    "table_product_security_processing": {
      "call_count": 1,
      "total_duration_seconds": 0.2476341724395752,
      "average_duration_seconds": 0.2476341724395752,
      "min_duration_seconds": 0.2476341724395752,
      "max_duration_seconds": 0.2476341724395752,
      "average_memory_delta_mb": 37.0078125,