{
  "timestamp": 1749997140.9348733,
  "operations": {
    "table_address_generation": {
      "call_count": 1,
      "total_duration_seconds": 20.576062440872192,
      "average_duration_seconds": 20.576062440872192,
      "min_duration_seconds": 20.576062440872192,
      "max_duration_seconds": 20.576062440872192,
      "average_memory_delta_mb": 9.75,
      "min_memory_delta_mb": 9.75,
      "max_memory_delta_mb": 9.75,
      "calls_per_second": 0.04860016355770795
    },
    "table_address_quality_analysis": {
      "call_count": 1,
      "total_duration_seconds": 0.05330204963684082,
      "average_duration_seconds": 0.05330204963684082,
      "min_duration_seconds": 0.05330204963684082,
      "max_duration_seconds": 0.05330204963684082,
      "average_memory_delta_mb": 0.1875,
      "min_memory_delta_mb": 0.1875,
      "max_memory_delta_mb": 0.1875,
      "calls_per_second": 18.761004629526088
    },
    "table_address_security_processing": {
      "call_count": 1,
      "total_duration_seconds": 0.014070987701416016,
      "average_duration_seconds": 0.014070987701416016,
      "min_duration_seconds": 0.014070987701416016,
      "max_duration_seconds": 0.014070987701416016,
      "average_memory_delta_mb": 2.41796875,
      "min_memory_delta_mb": 2.41796875,
      "max_memory_delta_mb": 2.41796875,
      "calls_per_second": 71.06821647632925
    },
    "table_address_business_rules": {
      "call_count": 1,
      "total_duration_seconds": 3.4809112548828125e-05,
      "average_duration_seconds": 3.4809112548828125e-05,
      "min_duration_seconds": 3.4809112548828125e-05,
      "max_duration_seconds": 3.4809112548828125e-05,
      "average_memory_delta_mb": 0.0,
      "min_memory_delta_mb": 0.0,
      "max_memory_delta_mb": 0.0,
      "calls_per_second": 28728.109589041094
    },
    "table_address_anomaly_detection": {
      "call_count": 1,
      "total_duration_seconds": 0.006205081939697266,
      "average_duration_seconds": 0.006205081939697266,
      "min_duration_seconds": 0.006205081939697266,
      "max_duration_seconds": 0.006205081939697266,
      "average_memory_delta_mb": 0.07421875,
      "min_memory_delta_mb": 0.07421875,
      "max_memory_delta_mb": 0.07421875,
      "calls_per_second": 161.15822638899562
    },
    "table_customer_generation": {
      "call_count": 1,
      "total_duration_seconds": 11.425251245498657,
      "average_duration_seconds": 11.425251245498657,
      "min_duration_seconds": 11.425251245498657,
      "max_duration_seconds": 11.425251245498657,
      "average_memory_delta_mb": 10.90234375,
      "min_memory_delta_mb": 10.90234375,
      "max_memory_delta_mb": 10.90234375,
      "calls_per_second": 0.08752542753875824
    },
    "table_customer_quality_analysis": {
      "call_count": 1,
      "total_duration_seconds": 0.10193777084350586,
      "average_duration_seconds": 0.10193777084350586,
      "min_duration_seconds": 0.10193777084350586,
      "max_duration_seconds": 0.10193777084350586,
      "average_memory_delta_mb": 1.87109375,
      "min_memory_delta_mb": 1.87109375,
      "max_memory_delta_mb": 1.87109375,
      "calls_per_second": 9.8099064922186
    },
    "table_customer_security_processing": {
      "call_count": 1,
      "total_duration_seconds": 0.08029842376708984,
      "average_duration_seconds": 0.08029842376708984,
      "min_duration_seconds": 0.08029842376708984,
      "max_duration_seconds": 0.08029842376708984,
      "average_memory_delta_mb": 3.48828125,
      "min_memory_delta_mb": 3.48828125,
      "max_memory_delta_mb": 3.48828125,
      "calls_per_second": 12.453544578914238
    },
    "table_customer_business_rules": {
      "call_count": 1,
      "total_duration_seconds": 2.1457672119140625e-05,
      "average_duration_seconds": 2.1457672119140625e-05,
      "min_duration_seconds": 2.1457672119140625e-05,
      "max_duration_seconds": 2.1457672119140625e-05,
      "average_memory_delta_mb": 0.0,
      "min_memory_delta_mb": 0.0,
      "max_memory_delta_mb": 0.0,
      "calls_per_second": 46603.37777777778
    },
    "table_customer_anomaly_detection": {
      "call_count": 1,
      "total_duration_seconds": 0.015907764434814453,
      "average_duration_seconds": 0.015907764434814453,
      "min_duration_seconds": 0.015907764434814453,
      "max_duration_seconds": 0.015907764434814453,
      "average_memory_delta_mb": 0.91796875,
      "min_memory_delta_mb": 0.91796875,
      "max_memory_delta_mb": 0.91796875,
      "calls_per_second": 62.86238422109649
    },
    "table_product_category_generation": {
      "call_count": 1,
      "total_duration_seconds": 0.6615619659423828,
      "average_duration_seconds": 0.6615619659423828,
      "min_duration_seconds": 0.6615619659423828,
      "max_duration_seconds": 0.6615619659423828,
      "average_memory_delta_mb": 1.93359375,
      "min_memory_delta_mb": 1.93359375,
      "max_memory_delta_mb": 1.93359375,
      "calls_per_second": 1.5115742008770388
    },
    "table_product_category_quality_analysis": {
      "call_count": 1,
      "total_duration_seconds": 0.022518157958984375,
      "average_duration_seconds": 0.022518157958984375,
      "min_duration_seconds": 0.022518157958984375,
      "max_duration_seconds": 0.022518157958984375,
      "average_memory_delta_mb": 0.203125,
      "min_memory_delta_mb": 0.203125,
      "max_memory_delta_mb": 0.203125,
      "calls_per_second": 44.408605793664236
    },
    "table_product_category_security_processing": {
      "call_count": 1,
      "total_duration_seconds": 0.011126041412353516,
      "average_duration_seconds": 0.011126041412353516,
      "min_duration_seconds": 0.011126041412353516,
      "max_duration_seconds": 0.011126041412353516,
      "average_memory_delta_mb": 1.83984375,
      "min_memory_delta_mb": 1.83984375,
      "max_memory_delta_mb": 1.83984375,
      "calls_per_second": 89.87922684609781
    },
    "table_product_category_business_rules": {
      "call_count": 1,
      "total_duration_seconds": 2.09808349609375e-05,
      "average_duration_seconds": 2.09808349609375e-05,
      "min_duration_seconds": 2.09808349609375e-05,
      "max_duration_seconds": 2.09808349609375e-05,
      "average_memory_delta_mb": 0.0,
      "min_memory_delta_mb": 0.0,
      "max_memory_delta_mb": 0.0,
      "calls_per_second": 47662.545454545456
    },
    "table_product_category_anomaly_detection": {
      "call_count": 1,
      "total_duration_seconds": 0.0046765804290771484,
      "average_duration_seconds": 0.0046765804290771484,
      "min_duration_seconds": 0.0046765804290771484,
      "max_duration_seconds": 0.0046765804290771484,
      "average_memory_delta_mb": 0.0,
      "min_memory_delta_mb": 0.0,
      "max_memory_delta_mb": 0.0,
      "calls_per_second": 213.83145551873565
    },
    "table_product_generation": {
      "call_count": 1,
      "total_duration_seconds": 3.427412271499634,
      "average_duration_seconds": 3.427412271499634,
      "min_duration_seconds": 3.427412271499634,
      "max_duration_seconds": 3.427412271499634,
      "average_memory_delta_mb": 11.8984375,
      "min_memory_delta_mb": 11.8984375,
      "max_memory_delta_mb": 11.8984375,
      "calls_per_second": 0.2917653088644801
    },
    "table_product_quality_analysis": {
      "call_count": 1,
      "total_duration_seconds": 0.07870793342590332,
      "average_duration_seconds": 0.07870793342590332,
      "min_duration_seconds": 0.07870793342590332,
      "max_duration_seconds": 0.07870793342590332,
      "average_memory_delta_mb": 2.10546875,
      "min_memory_delta_mb": 2.10546875,
      "max_memory_delta_mb": 2.10546875,
      "calls_per_second": 12.705199545626657
    },
    "table_product_security_processing": {
      "call_count": 1,
      "total_duration_seconds": 0.03216099739074707,
      "average_duration_seconds": 0.03216099739074707,
      "min_duration_seconds": 0.03216099739074707,
      "max_duration_seconds": 0.03216099739074707,