{
  "timestamp": 1749997993.7418952,
  "operations": {
    "table_address_generation": {
      "call_count": 1,
      "total_duration_seconds": 0.007400035858154297,
      "average_duration_seconds": 0.007400035858154297,
      "min_duration_seconds": 0.007400035858154297,
      "max_duration_seconds": 0.007400035858154297,
      "average_memory_delta_mb": 0.32421875,
      "min_memory_delta_mb": 0.32421875,
      "max_memory_delta_mb": 0.32421875,
      "calls_per_second": 135.13448031445324
    },
    "table_address_quality_analysis": {
      "call_count": 1,
      "total_duration_seconds": 0.020777225494384766,
      "average_duration_seconds": 0.020777225494384766,
      "min_duration_seconds": 0.020777225494384766,
      "max_duration_seconds": 0.020777225494384766,
      "average_memory_delta_mb": 0.48046875,
      "min_memory_delta_mb": 0.48046875,
      "max_memory_delta_mb": 0.48046875,
      "calls_per_second": 48.12962155463246
    },
    "table_address_security_processing": {
      "call_count": 1,
      "total_duration_seconds": 0.0002052783966064453,
      "average_duration_seconds": 0.0002052783966064453,
      "min_duration_seconds": 0.0002052783966064453,
      "max_duration_seconds": 0.0002052783966064453,
      "average_memory_delta_mb": 0.0,
      "min_memory_delta_mb": 0.0,
      "max_memory_delta_mb": 0.0,
      "calls_per_second": 4871.433217189315
    },
    "table_address_business_rules": {
      "call_count": 1,
      "total_duration_seconds": 3.3855438232421875e-05,
      "average_duration_seconds": 3.3855438232421875e-05,
      "min_duration_seconds": 3.3855438232421875e-05,
      "max_duration_seconds": 3.3855438232421875e-05,
      "average_memory_delta_mb": 0.0,
      "min_memory_delta_mb": 0.0,
      "max_memory_delta_mb": 0.0,
      "calls_per_second": 29537.352112676057
    },
    "table_address_anomaly_detection": {
      "call_count": 1,
      "total_duration_seconds": 0.0030851364135742188,
      "average_duration_seconds": 0.0030851364135742188,
      "min_duration_seconds": 0.0030851364135742188,
      "max_duration_seconds": 0.0030851364135742188,
      "average_memory_delta_mb": 0.09765625,
      "min_memory_delta_mb": 0.09765625,
      "max_memory_delta_mb": 0.09765625,
      "calls_per_second": 324.1347758887172
    },
    "table_customer_generation": {
      "call_count": 1,
      "total_duration_seconds": 0.004474163055419922,
      "average_duration_seconds": 0.004474163055419922,
      "min_duration_seconds": 0.004474163055419922,
      "max_duration_seconds": 0.004474163055419922,
      "average_memory_delta_mb": 0.109375,
      "min_memory_delta_mb": 0.109375,
      "max_memory_delta_mb": 0.109375,
      "calls_per_second": 223.5054886496856
    },
    "table_customer_quality_analysis": {
      "call_count": 1,
      "total_duration_seconds": 0.029894113540649414,
      "average_duration_seconds": 0.029894113540649414,
      "min_duration_seconds": 0.029894113540649414,
      "max_duration_seconds": 0.029894113540649414,
      "average_memory_delta_mb": 0.59765625,
      "min_memory_delta_mb": 0.59765625,
      "max_memory_delta_mb": 0.59765625,
      "calls_per_second": 33.45140168281692
    },
    "table_customer_security_processing": {
      "call_count": 1,
      "total_duration_seconds": 0.00023555755615234375,
      "average_duration_seconds": 0.00023555755615234375,
      "min_duration_seconds": 0.00023555755615234375,
      "max_duration_seconds": 0.00023555755615234375,
      "average_memory_delta_mb": 0.0,
      "min_memory_delta_mb": 0.0,
      "max_memory_delta_mb": 0.0,
      "calls_per_second": 4245.246963562753
    },
    "table_customer_business_rules": {
      "call_count": 1,
      "total_duration_seconds": 4.553794860839844e-05,
      "average_duration_seconds": 4.553794860839844e-05,
      "min_duration_seconds": 4.553794860839844e-05,
      "max_duration_seconds": 4.553794860839844e-05,
      "average_memory_delta_mb": 0.0,
      "min_memory_delta_mb": 0.0,
      "max_memory_delta_mb": 0.0,
      "calls_per_second": 21959.706806282724
    },
    "table_customer_anomaly_detection": {
      "call_count": 1,
      "total_duration_seconds": 0.004644632339477539,
      "average_duration_seconds": 0.004644632339477539,
      "min_duration_seconds": 0.004644632339477539,
      "max_duration_seconds": 0.004644632339477539,
      "average_memory_delta_mb": 0.01953125,
      "min_memory_delta_mb": 0.01953125,
      "max_memory_delta_mb": 0.01953125,
      "calls_per_second": 215.30229454340127
    },
    "table_product_category_generation": {
      "call_count": 1,
      "total_duration_seconds": 0.003515958786010742,
      "average_duration_seconds": 0.003515958786010742,
      "min_duration_seconds": 0.003515958786010742,
      "max_duration_seconds": 0.003515958786010742,
      "average_memory_delta_mb": 0.00390625,
      "min_memory_delta_mb": 0.00390625,
      "max_memory_delta_mb": 0.00390625,
      "calls_per_second": 284.41744083542415
    },
    "table_product_category_quality_analysis": {
      "call_count": 1,
      "total_duration_seconds": 0.00587773323059082,
      "average_duration_seconds": 0.00587773323059082,
      "min_duration_seconds": 0.00587773323059082,
      "max_duration_seconds": 0.00587773323059082,
      "average_memory_delta_mb": 0.00390625,
      "min_memory_delta_mb": 0.00390625,
      "max_memory_delta_mb": 0.00390625,
      "calls_per_second": 170.13361457023487
    },
    "table_product_category_security_processing": {
      "call_count": 1,
      "total_duration_seconds": 0.000102996826171875,
      "average_duration_seconds": 0.000102996826171875,
      "min_duration_seconds": 0.000102996826171875,
      "max_duration_seconds": 0.000102996826171875,
      "average_memory_delta_mb": 0.0,
      "min_memory_delta_mb": 0.0,
      "max_memory_delta_mb": 0.0,
      "calls_per_second": 9709.037037037036
    },
    "table_product_category_business_rules": {
      "call_count": 1,
      "total_duration_seconds": 3.933906555175781e-05,
      "average_duration_seconds": 3.933906555175781e-05,
      "min_duration_seconds": 3.933906555175781e-05,
      "max_duration_seconds": 3.933906555175781e-05,
      "average_memory_delta_mb": 0.0,
      "min_memory_delta_mb": 0.0,
      "max_memory_delta_mb": 0.0,
      "calls_per_second": 25420.024242424242
    },
    "table_product_category_anomaly_detection": {
      "call_count": 1,
      "total_duration_seconds": 0.001359701156616211,
      "average_duration_seconds": 0.001359701156616211,
      "min_duration_seconds": 0.001359701156616211,
      "max_duration_seconds": 0.001359701156616211,
      "average_memory_delta_mb": 0.0,
      "min_memory_delta_mb": 0.0,
      "max_memory_delta_mb": 0.0,
      "calls_per_second": 735.4557250569876
    },
    "table_product_generation": {
      "call_count": 1,
      "total_duration_seconds": 0.002105236053466797,
      "average_duration_seconds": 0.002105236053466797,
      "min_duration_seconds": 0.002105236053466797,
      "max_duration_seconds": 0.002105236053466797,
      "average_memory_delta_mb": 0.0,
      "min_memory_delta_mb": 0.0,
      "max_memory_delta_mb": 0.0,
      "calls_per_second": 475.0061155152888
    },
    "table_product_quality_analysis": {
      "call_count": 1,
      "total_duration_seconds": 0.02301025390625,
      "average_duration_seconds": 0.02301025390625,
      "min_duration_seconds": 0.02301025390625,
      "max_duration_seconds": 0.02301025390625,
      "average_memory_delta_mb": 0.0625,
      "min_memory_delta_mb": 0.0625,
      "max_memory_delta_mb": 0.0625,
      "calls_per_second": 43.45888594164456
    },
    "table_product_security_processing": {
      "call_count": 1,
      "total_duration_seconds": 0.00011730194091796875,
      "average_duration_seconds": 0.00011730194091796875,
      "min_duration_seconds": 0.00011730194091796875,
      "max_duration_seconds": 0.00011730194091796875,
      "average_memory_delta_mb": 0.0,