{
  "timestamp": 1749996950.976332,
  "operations": {
    "table_address_generation": {
      "call_count": 1,
      "total_duration_seconds": 23.053039073944092,
      "average_duration_seconds": 23.053039073944092,
      "min_duration_seconds": 23.053039073944092,
      "max_duration_seconds": 23.053039073944092,
      "average_memory_delta_mb": 9.70703125,
      "min_memory_delta_mb": 9.70703125,
      "max_memory_delta_mb": 9.70703125,
      "calls_per_second": 0.04337822864883178
    },
    "table_address_quality_analysis": {
      "call_count": 1,
      "total_duration_seconds": 0.054340362548828125,
      "average_duration_seconds": 0.054340362548828125,
      "min_duration_seconds": 0.054340362548828125,
      "max_duration_seconds": 0.054340362548828125,
      "average_memory_delta_mb": 0.59765625,
      "min_memory_delta_mb": 0.59765625,
      "max_memory_delta_mb": 0.59765625,
      "calls_per_second": 18.402527202527203
    },
    "table_address_security_processing": {
      "call_count": 1,
      "total_duration_seconds": 0.01780867576599121,
      "average_duration_seconds": 0.01780867576599121,
      "min_duration_seconds": 0.01780867576599121,
      "max_duration_seconds": 0.01780867576599121,
      "average_memory_delta_mb": 2.51953125,
      "min_memory_delta_mb": 2.51953125,
      "max_memory_delta_mb": 2.51953125,
      "calls_per_second": 56.152406452908494
    },
    "table_address_business_rules": {
      "call_count": 1,
      "total_duration_seconds": 2.8848648071289062e-05,
      "average_duration_seconds": 2.8848648071289062e-05,
      "min_duration_seconds": 2.8848648071289062e-05,
      "max_duration_seconds": 2.8848648071289062e-05,
      "average_memory_delta_mb": 0.0,
      "min_memory_delta_mb": 0.0,
      "max_memory_delta_mb": 0.0,
      "calls_per_second": 34663.669421487604
    },
    "table_address_anomaly_detection": {
      "call_count": 1,
      "total_duration_seconds": 0.006376504898071289,
      "average_duration_seconds": 0.006376504898071289,
      "min_duration_seconds": 0.006376504898071289,
      "max_duration_seconds": 0.006376504898071289,
      "average_memory_delta_mb": 0.0859375,
      "min_memory_delta_mb": 0.0859375,
      "max_memory_delta_mb": 0.0859375,
      "calls_per_second": 156.82572443447373
    },
    "table_customer_generation": {
      "call_count": 1,
      "total_duration_seconds": 12.907437086105347,
      "average_duration_seconds": 12.907437086105347,
      "min_duration_seconds": 12.907437086105347,
      "max_duration_seconds": 12.907437086105347,
      "average_memory_delta_mb": 9.55859375,
      "min_memory_delta_mb": 9.55859375,
      "max_memory_delta_mb": 9.55859375,
      "calls_per_second": 0.07747471425419414
    },
    "table_customer_quality_analysis": {
      "call_count": 1,
      "total_duration_seconds": 0.1254262924194336,
      "average_duration_seconds": 0.1254262924194336,
      "min_duration_seconds": 0.1254262924194336,
      "max_duration_seconds": 0.1254262924194336,
      "average_memory_delta_mb": 2.4140625,
      "min_memory_delta_mb": 2.4140625,
      "max_memory_delta_mb": 2.4140625,
      "calls_per_second": 7.9728100122415775
    },
    "table_customer_security_processing": {
      "call_count": 1,
      "total_duration_seconds": 0.0884859561920166,
      "average_duration_seconds": 0.0884859561920166,
      "min_duration_seconds": 0.0884859561920166,
      "max_duration_seconds": 0.0884859561920166,
      "average_memory_delta_mb": 4.50390625,
      "min_memory_delta_mb": 4.50390625,
      "max_memory_delta_mb": 4.50390625,
      "calls_per_second": 11.301228387361002
    },
    "table_customer_business_rules": {
      "call_count": 1,
      "total_duration_seconds": 0.025646209716796875,
      "average_duration_seconds": 0.025646209716796875,
      "min_duration_seconds": 0.025646209716796875,
      "max_duration_seconds": 0.025646209716796875,
      "average_memory_delta_mb": 0.44921875,
      "min_memory_delta_mb": 0.44921875,
      "max_memory_delta_mb": 0.44921875,
      "calls_per_second": 38.99211661460657
    },
    "table_customer_anomaly_detection": {
      "call_count": 1,
      "total_duration_seconds": 0.015715360641479492,
      "average_duration_seconds": 0.015715360641479492,
      "min_duration_seconds": 0.015715360641479492,
      "max_duration_seconds": 0.015715360641479492,
      "average_memory_delta_mb": 0.7265625,
      "min_memory_delta_mb": 0.7265625,
      "max_memory_delta_mb": 0.7265625,
      "calls_per_second": 63.63201092315861
    },
    "table_product_category_generation": {
      "call_count": 1,
      "total_duration_seconds": 0.5178062915802002,
      "average_duration_seconds": 0.5178062915802002,
      "min_duration_seconds": 0.5178062915802002,
      "max_duration_seconds": 0.5178062915802002,
      "average_memory_delta_mb": 1.46484375,
      "min_memory_delta_mb": 1.46484375,
      "max_memory_delta_mb": 1.46484375,
      "calls_per_second": 1.9312241204105096
    },
    "table_product_category_quality_analysis": {
      "call_count": 1,
      "total_duration_seconds": 0.02370429039001465,
      "average_duration_seconds": 0.02370429039001465,
      "min_duration_seconds": 0.02370429039001465,
      "max_duration_seconds": 0.02370429039001465,
      "average_memory_delta_mb": 0.29296875,
      "min_memory_delta_mb": 0.29296875,
      "max_memory_delta_mb": 0.29296875,
      "calls_per_second": 42.186455850255975
    },
    "table_product_category_security_processing": {
      "call_count": 1,
      "total_duration_seconds": 0.010705709457397461,
      "average_duration_seconds": 0.010705709457397461,
      "min_duration_seconds": 0.010705709457397461,
      "max_duration_seconds": 0.010705709457397461,
      "average_memory_delta_mb": 1.83984375,
      "min_memory_delta_mb": 1.83984375,
      "max_memory_delta_mb": 1.83984375,
      "calls_per_second": 93.40810190855845
    },
    "table_product_category_business_rules": {
      "call_count": 1,
      "total_duration_seconds": 2.384185791015625e-05,
      "average_duration_seconds": 2.384185791015625e-05,
      "min_duration_seconds": 2.384185791015625e-05,
      "max_duration_seconds": 2.384185791015625e-05,
      "average_memory_delta_mb": 0.0,
      "min_memory_delta_mb": 0.0,
      "max_memory_delta_mb": 0.0,
      "calls_per_second": 41943.04
    },
    "table_product_category_anomaly_detection": {
      "call_count": 1,
      "total_duration_seconds": 0.0038022994995117188,
      "average_duration_seconds": 0.0038022994995117188,
      "min_duration_seconds": 0.0038022994995117188,
      "max_duration_seconds": 0.0038022994995117188,
      "average_memory_delta_mb": 0.0,
      "min_memory_delta_mb": 0.0,
      "max_memory_delta_mb": 0.0,
      "calls_per_second": 262.9987459242538
    },
    "table_product_generation": {
      "call_count": 1,
      "total_duration_seconds": 3.48616361618042,
      "average_duration_seconds": 3.48616361618042,
      "min_duration_seconds": 3.48616361618042,
      "max_duration_seconds": 3.48616361618042,
      "average_memory_delta_mb": 12.890625,
      "min_memory_delta_mb": 12.890625,
      "max_memory_delta_mb": 12.890625,
      "calls_per_second": 0.28684826935794827
    },
    "table_product_quality_analysis": {
      "call_count": 1,
      "total_duration_seconds": 0.07997465133666992,
      "average_duration_seconds": 0.07997465133666992,
      "min_duration_seconds": 0.07997465133666992,
      "max_duration_seconds": 0.07997465133666992,
      "average_memory_delta_mb": 1.01171875,
      "min_memory_delta_mb": 1.01171875,
      "max_memory_delta_mb": 1.01171875,
      "calls_per_second": 12.503961984032816
    },
    "table_product_security_processing": {
      "call_count": 1,
      "total_duration_seconds": 0.03012824058532715,
      "average_duration_seconds": 0.03012824058532715,
      "min_duration_seconds": 0.03012824058532715,
      "max_duration_seconds": 0.03012824058532715,