{
  "timestamp": 1749998011.8171623,
  "operations": {
    "table_address_generation": {
      "call_count": 1,
      "total_duration_seconds": 0.004224061965942383,
      "average_duration_seconds": 0.004224061965942383,
      "min_duration_seconds": 0.004224061965942383,
      "max_duration_seconds": 0.004224061965942383,
      "average_memory_delta_mb": 0.2734375,
      "min_memory_delta_mb": 0.2734375,
      "max_memory_delta_mb": 0.2734375,
      "calls_per_second": 236.73895128972174
    },
    "table_address_quality_analysis": {
      "call_count": 1,
      "total_duration_seconds": 0.008428573608398438,
      "average_duration_seconds": 0.008428573608398438,
      "min_duration_seconds": 0.008428573608398438,
      "max_duration_seconds": 0.008428573608398438,
      "average_memory_delta_mb": 0.4921875,
      "min_memory_delta_mb": 0.4921875,
      "max_memory_delta_mb": 0.4921875,
      "calls_per_second": 118.64403711246888
    },
    "table_address_security_processing": {
      "call_count": 1,
      "total_duration_seconds": 0.0002269744873046875,
      "average_duration_seconds": 0.0002269744873046875,
      "min_duration_seconds": 0.0002269744873046875,
      "max_duration_seconds": 0.0002269744873046875,
      "average_memory_delta_mb": 0.0,
      "min_memory_delta_mb": 0.0,
      "max_memory_delta_mb": 0.0,
      "calls_per_second": 4405.781512605042
    },
    "table_address_business_rules": {
      "call_count": 1,
      "total_duration_seconds": 2.1219253540039062e-05,
      "average_duration_seconds": 2.1219253540039062e-05,
      "min_duration_seconds": 2.1219253540039062e-05,
      "max_duration_seconds": 2.1219253540039062e-05,
      "average_memory_delta_mb": 0.0,
      "min_memory_delta_mb": 0.0,
      "max_memory_delta_mb": 0.0,
      "calls_per_second": 47127.011235955055
    },
    "table_address_anomaly_detection": {
      "call_count": 1,
      "total_duration_seconds": 0.001535654067993164,
      "average_duration_seconds": 0.001535654067993164,
      "min_duration_seconds": 0.001535654067993164,
      "max_duration_seconds": 0.001535654067993164,
      "average_memory_delta_mb": 0.09765625,
      "min_memory_delta_mb": 0.09765625,
      "max_memory_delta_mb": 0.09765625,
      "calls_per_second": 651.1883247942866
    },
    "table_customer_generation": {
      "call_count": 1,
      "total_duration_seconds": 0.004050016403198242,
      "average_duration_seconds": 0.004050016403198242,
      "min_duration_seconds": 0.004050016403198242,
      "max_duration_seconds": 0.004050016403198242,
      "average_memory_delta_mb": 0.1640625,
      "min_memory_delta_mb": 0.1640625,
      "max_memory_delta_mb": 0.1640625,
      "calls_per_second": 246.91258020839464
    },
    "table_customer_quality_analysis": {
      "call_count": 1,
      "total_duration_seconds": 0.018730878829956055,
      "average_duration_seconds": 0.018730878829956055,
      "min_duration_seconds": 0.018730878829956055,
      "max_duration_seconds": 0.018730878829956055,
      "average_memory_delta_mb": 0.58984375,
      "min_memory_delta_mb": 0.58984375,
      "max_memory_delta_mb": 0.58984375,
      "calls_per_second": 53.387777961635884
    },
    "table_customer_security_processing": {
      "call_count": 1,
      "total_duration_seconds": 0.0003180503845214844,
      "average_duration_seconds": 0.0003180503845214844,
      "min_duration_seconds": 0.0003180503845214844,
      "max_duration_seconds": 0.0003180503845214844,
      "average_memory_delta_mb": 0.0,
      "min_memory_delta_mb": 0.0,
      "max_memory_delta_mb": 0.0,
      "calls_per_second": 3144.1559220389804
    },
    "table_customer_business_rules": {
      "call_count": 1,
      "total_duration_seconds": 1.9311904907226562e-05,
      "average_duration_seconds": 1.9311904907226562e-05,
      "min_duration_seconds": 1.9311904907226562e-05,
      "max_duration_seconds": 1.9311904907226562e-05,
      "average_memory_delta_mb": 0.0,
      "min_memory_delta_mb": 0.0,
      "max_memory_delta_mb": 0.0,
      "calls_per_second": 51781.53086419753
    },
    "table_customer_anomaly_detection": {
      "call_count": 1,
      "total_duration_seconds": 0.002740144729614258,
      "average_duration_seconds": 0.002740144729614258,
      "min_duration_seconds": 0.002740144729614258,
      "max_duration_seconds": 0.002740144729614258,
      "average_memory_delta_mb": 0.0234375,
      "min_memory_delta_mb": 0.0234375,
      "max_memory_delta_mb": 0.0234375,
      "calls_per_second": 364.94422692073437
    },
    "table_product_category_generation": {
      "call_count": 1,
      "total_duration_seconds": 0.0027222633361816406,
      "average_duration_seconds": 0.0027222633361816406,
      "min_duration_seconds": 0.0027222633361816406,
      "max_duration_seconds": 0.0027222633361816406,
      "average_memory_delta_mb": 0.0078125,
      "min_memory_delta_mb": 0.0078125,
      "max_memory_delta_mb": 0.0078125,
      "calls_per_second": 367.3413907864775
    },
    "table_product_category_quality_analysis": {
      "call_count": 1,
      "total_duration_seconds": 0.004143714904785156,
      "average_duration_seconds": 0.004143714904785156,
      "min_duration_seconds": 0.004143714904785156,
      "max_duration_seconds": 0.004143714904785156,
      "average_memory_delta_mb": 0.0,
      "min_memory_delta_mb": 0.0,
      "max_memory_delta_mb": 0.0,
      "calls_per_second": 241.32934407364786
    },
    "table_product_category_security_processing": {
      "call_count": 1,
      "total_duration_seconds": 0.00016808509826660156,
      "average_duration_seconds": 0.00016808509826660156,
      "min_duration_seconds": 0.00016808509826660156,
      "max_duration_seconds": 0.00016808509826660156,
      "average_memory_delta_mb": 0.0,
      "min_memory_delta_mb": 0.0,
      "max_memory_delta_mb": 0.0,
      "calls_per_second": 5949.367375886525
    },
    "table_product_category_business_rules": {
      "call_count": 1,
      "total_duration_seconds": 1.7642974853515625e-05,
      "average_duration_seconds": 1.7642974853515625e-05,
      "min_duration_seconds": 1.7642974853515625e-05,
      "max_duration_seconds": 1.7642974853515625e-05,
      "average_memory_delta_mb": 0.0,
      "min_memory_delta_mb": 0.0,
      "max_memory_delta_mb": 0.0,
      "calls_per_second": 56679.78378378379
    },
    "table_product_category_anomaly_detection": {
      "call_count": 1,
      "total_duration_seconds": 0.0009860992431640625,
      "average_duration_seconds": 0.0009860992431640625,
      "min_duration_seconds": 0.0009860992431640625,
      "max_duration_seconds": 0.0009860992431640625,
      "average_memory_delta_mb": 0.0,
      "min_memory_delta_mb": 0.0,
      "max_memory_delta_mb": 0.0,
      "calls_per_second": 1014.0967117988395
    },
    "table_product_generation": {
      "call_count": 1,
      "total_duration_seconds": 0.0019266605377197266,
      "average_duration_seconds": 0.0019266605377197266,
      "min_duration_seconds": 0.0019266605377197266,
      "max_duration_seconds": 0.0019266605377197266,
      "average_memory_delta_mb": 0.00390625,
      "min_memory_delta_mb": 0.00390625,
      "max_memory_delta_mb": 0.00390625,
      "calls_per_second": 519.0327929711669
    },
    "table_product_quality_analysis": {
      "call_count": 1,
      "total_duration_seconds": 0.014816522598266602,
      "average_duration_seconds": 0.014816522598266602,
      "min_duration_seconds": 0.014816522598266602,
      "max_duration_seconds": 0.014816522598266602,
      "average_memory_delta_mb": 0.03515625,
      "min_memory_delta_mb": 0.03515625,
      "max_memory_delta_mb": 0.03515625,
      "calls_per_second": 67.49221980851235
    },
    "table_product_security_processing": {
      "call_count": 1,
      "total_duration_seconds": 0.0002472400665283203,
      "average_duration_seconds": 0.0002472400665283203,
      "min_duration_seconds": 0.0002472400665283203,
      "max_duration_seconds": 0.0002472400665283203,