{
  "timestamp": 1749993915.4356706,
  "operations": {
    "table_address_generation": {
      "call_count": 1,
      "total_duration_seconds": 17.25855255126953,
      "average_duration_seconds": 17.25855255126953,
      "min_duration_seconds": 17.25855255126953,
      "max_duration_seconds": 17.25855255126953,
      "average_memory_delta_mb": 9.703125,
      "min_memory_delta_mb": 9.703125,
      "max_memory_delta_mb": 9.703125,
      "calls_per_second": 0.05794228670274208
    },
    "table_address_quality_analysis": {
      "call_count": 1,
      "total_duration_seconds": 0.054039955139160156,
      "average_duration_seconds": 0.054039955139160156,
      "min_duration_seconds": 0.054039955139160156,
      "max_duration_seconds": 0.054039955139160156,
      "average_memory_delta_mb": 0.90625,
      "min_memory_delta_mb": 0.90625,
      "max_memory_delta_mb": 0.90625,
      "calls_per_second": 18.50482661254743
    },
    "table_address_security_processing": {
      "call_count": 1,
      "total_duration_seconds": 0.024266481399536133,
      "average_duration_seconds": 0.024266481399536133,
      "min_duration_seconds": 0.024266481399536133,
      "max_duration_seconds": 0.024266481399536133,
      "average_memory_delta_mb": 2.609375,
      "min_memory_delta_mb": 2.609375,
      "max_memory_delta_mb": 2.609375,
      "calls_per_second": 41.20910582525226
    },
    "table_address_business_rules": {
      "call_count": 1,
      "total_duration_seconds": 4.076957702636719e-05,
      "average_duration_seconds": 4.076957702636719e-05,
      "min_duration_seconds": 4.076957702636719e-05,
      "max_duration_seconds": 4.076957702636719e-05,
      "average_memory_delta_mb": 0.0,
      "min_memory_delta_mb": 0.0,
      "max_memory_delta_mb": 0.0,
      "calls_per_second": 24528.09356725146
    },
    "table_address_anomaly_detection": {
      "call_count": 1,
      "total_duration_seconds": 0.007808685302734375,
      "average_duration_seconds": 0.007808685302734375,
      "min_duration_seconds": 0.007808685302734375,
      "max_duration_seconds": 0.007808685302734375,
      "average_memory_delta_mb": 0.12109375,
      "min_memory_delta_mb": 0.12109375,
      "max_memory_delta_mb": 0.12109375,
      "calls_per_second": 128.06253053248656
    },
    "table_customer_generation": {
      "call_count": 1,
      "total_duration_seconds": 10.809943914413452,
      "average_duration_seconds": 10.809943914413452,
      "min_duration_seconds": 10.809943914413452,
      "max_duration_seconds": 10.809943914413452,
      "average_memory_delta_mb": 8.734375,
      "min_memory_delta_mb": 8.734375,
      "max_memory_delta_mb": 8.734375,
      "calls_per_second": 0.09250741797713204
    },
    "table_customer_quality_analysis": {
      "call_count": 1,
      "total_duration_seconds": 0.16120600700378418,
      "average_duration_seconds": 0.16120600700378418,
      "min_duration_seconds": 0.16120600700378418,
      "max_duration_seconds": 0.16120600700378418,
      "average_memory_delta_mb": 3.421875,
      "min_memory_delta_mb": 3.421875,
      "max_memory_delta_mb": 3.421875,
      "calls_per_second": 6.203242785962225
    },
    "table_customer_security_processing": {
      "call_count": 1,
      "total_duration_seconds": 0.11281418800354004,
      "average_duration_seconds": 0.11281418800354004,
      "min_duration_seconds": 0.11281418800354004,
      "max_duration_seconds": 0.11281418800354004,
      "average_memory_delta_mb": 3.78125,
      "min_memory_delta_mb": 3.78125,
      "max_memory_delta_mb": 3.78125,
      "calls_per_second": 8.864133294729033
    },
    "table_customer_business_rules": {
      "call_count": 1,
      "total_duration_seconds": 0.030308008193969727,
      "average_duration_seconds": 0.030308008193969727,
      "min_duration_seconds": 0.030308008193969727,
      "max_duration_seconds": 0.030308008193969727,
      "average_memory_delta_mb": 0.48046875,
      "min_memory_delta_mb": 0.48046875,
      "max_memory_delta_mb": 0.48046875,
      "calls_per_second": 32.99457996711794
    },
    "table_customer_anomaly_detection": {
      "call_count": 1,
      "total_duration_seconds": 0.022550582885742188,
      "average_duration_seconds": 0.022550582885742188,
      "min_duration_seconds": 0.022550582885742188,
      "max_duration_seconds": 0.022550582885742188,
      "average_memory_delta_mb": 0.6953125,
      "min_memory_delta_mb": 0.6953125,
      "max_memory_delta_mb": 0.6953125,
      "calls_per_second": 44.34475175505371
    },
    "table_product_category_generation": {
      "call_count": 1,
      "total_duration_seconds": 7.0250773429870605,
      "average_duration_seconds": 7.0250773429870605,
      "min_duration_seconds": 7.0250773429870605,
      "max_duration_seconds": 7.0250773429870605,
      "average_memory_delta_mb": 3.234375,
      "min_memory_delta_mb": 3.234375,
      "max_memory_delta_mb": 3.234375,
      "calls_per_second": 0.14234718725172074
    },
    "table_product_category_quality_analysis": {
      "call_count": 1,
      "total_duration_seconds": 0.02942800521850586,
      "average_duration_seconds": 0.02942800521850586,
      "min_duration_seconds": 0.02942800521850586,
      "max_duration_seconds": 0.02942800521850586,
      "average_memory_delta_mb": 0.2421875,
      "min_memory_delta_mb": 0.2421875,
      "max_memory_delta_mb": 0.2421875,
      "calls_per_second": 33.98123632828324
    },
    "table_product_category_security_processing": {
      "call_count": 1,
      "total_duration_seconds": 0.01210927963256836,
      "average_duration_seconds": 0.01210927963256836,
      "min_duration_seconds": 0.01210927963256836,
      "max_duration_seconds": 0.01210927963256836,
      "average_memory_delta_mb": 1.73046875,
      "min_memory_delta_mb": 1.73046875,
      "max_memory_delta_mb": 1.73046875,
      "calls_per_second": 82.58129553061626
    },
    "table_product_category_business_rules": {
      "call_count": 1,
      "total_duration_seconds": 3.0279159545898438e-05,
      "average_duration_seconds": 3.0279159545898438e-05,
      "min_duration_seconds": 3.0279159545898438e-05,
      "max_duration_seconds": 3.0279159545898438e-05,
      "average_memory_delta_mb": 0.0,
      "min_memory_delta_mb": 0.0,
      "max_memory_delta_mb": 0.0,
      "calls_per_second": 33026.015748031496
    },
    "table_product_category_anomaly_detection": {
      "call_count": 1,
      "total_duration_seconds": 0.0051305294036865234,
      "average_duration_seconds": 0.0051305294036865234,
      "min_duration_seconds": 0.0051305294036865234,
      "max_duration_seconds": 0.0051305294036865234,
      "average_memory_delta_mb": 0.0,
      "min_memory_delta_mb": 0.0,
      "max_memory_delta_mb": 0.0,
      "calls_per_second": 194.91165946372973
    },
    "table_product_generation": {
      "call_count": 1,
      "total_duration_seconds": 2.4166603088378906,
      "average_duration_seconds": 2.4166603088378906,
      "min_duration_seconds": 2.4166603088378906,
      "max_duration_seconds": 2.4166603088378906,
      "average_memory_delta_mb": 8.05078125,
      "min_memory_delta_mb": 8.05078125,
      "max_memory_delta_mb": 8.05078125,
      "calls_per_second": 0.413794192068671
    },
    "table_product_quality_analysis": {
      "call_count": 1,
      "total_duration_seconds": 0.08523082733154297,
      "average_duration_seconds": 0.08523082733154297,
      "min_duration_seconds": 0.08523082733154297,
      "max_duration_seconds": 0.08523082733154297,
      "average_memory_delta_mb": 2.35546875,
      "min_memory_delta_mb": 2.35546875,
      "max_memory_delta_mb": 2.35546875,
      "calls_per_second": 11.732843987423214
    },
    "table_product_security_processing": {
      "call_count": 1,
      "total_duration_seconds": 0.05456066131591797,
      "average_duration_seconds": 0.05456066131591797,
      "min_duration_seconds": 0.05456066131591797,
      "max_duration_seconds": 0.05456066131591797,
      "average_memory_delta_mb": 4.54296875,