{
  "timestamp": 1749995066.2736073,
  "operations": {
    "table_address_generation": {
      "call_count": 1,
      "total_duration_seconds": 192.00787901878357,
      "average_duration_seconds": 192.00787901878357,
      "min_duration_seconds": 192.00787901878357,
      "max_duration_seconds": 192.00787901878357,
      "average_memory_delta_mb": 72.1328125,
      "min_memory_delta_mb": 72.1328125,
      "max_memory_delta_mb": 72.1328125,
      "calls_per_second": 0.005208119610040445
    },
    "table_address_quality_analysis": {
      "call_count": 1,
      "total_duration_seconds": 0.06075263023376465,
      "average_duration_seconds": 0.06075263023376465,
      "min_duration_seconds": 0.06075263023376465,
      "max_duration_seconds": 0.06075263023376465,
      "average_memory_delta_mb": 0.7265625,
      "min_memory_delta_mb": 0.7265625,
      "max_memory_delta_mb": 0.7265625,
      "calls_per_second": 16.460192688813454
    },
    "table_address_security_processing": {
      "call_count": 1,
      "total_duration_seconds": 0.21658635139465332,
      "average_duration_seconds": 0.21658635139465332,
      "min_duration_seconds": 0.21658635139465332,
      "max_duration_seconds": 0.21658635139465332,
      "average_memory_delta_mb": 25.53125,
      "min_memory_delta_mb": 25.53125,
      "max_memory_delta_mb": 25.53125,
      "calls_per_second": 4.617096107675999
    },
    "table_address_business_rules": {
      "call_count": 1,
      "total_duration_seconds": 3.075599670410156e-05,
      "average_duration_seconds": 3.075599670410156e-05,
      "min_duration_seconds": 3.075599670410156e-05,
      "max_duration_seconds": 3.075599670410156e-05,
      "average_memory_delta_mb": 0.0,
      "min_memory_delta_mb": 0.0,
      "max_memory_delta_mb": 0.0,
      "calls_per_second": 32513.98449612403
    },
    "table_address_anomaly_detection": {
      "call_count": 1,
      "total_duration_seconds": 0.008818387985229492,
      "average_duration_seconds": 0.008818387985229492,
      "min_duration_seconds": 0.008818387985229492,
      "max_duration_seconds": 0.008818387985229492,
      "average_memory_delta_mb": 0.11328125,
      "min_memory_delta_mb": 0.11328125,
      "max_memory_delta_mb": 0.11328125,
      "calls_per_second": 113.39941060372563
    },
    "table_customer_generation": {
      "call_count": 1,
      "total_duration_seconds": 109.4323365688324,
      "average_duration_seconds": 109.4323365688324,
      "min_duration_seconds": 109.4323365688324,
      "max_duration_seconds": 109.4323365688324,
      "average_memory_delta_mb": 87.26171875,
      "min_memory_delta_mb": 87.26171875,
      "max_memory_delta_mb": 87.26171875,
      "calls_per_second": 0.009138066784958073
    },
    "table_customer_quality_analysis": {
      "call_count": 1,
      "total_duration_seconds": 0.11906671524047852,
      "average_duration_seconds": 0.11906671524047852,
      "min_duration_seconds": 0.11906671524047852,
      "max_duration_seconds": 0.11906671524047852,
      "average_memory_delta_mb": 3.703125,
      "min_memory_delta_mb": 3.703125,
      "max_memory_delta_mb": 3.703125,
      "calls_per_second": 8.398652788735328
    },
    "table_customer_security_processing": {
      "call_count": 1,
      "total_duration_seconds": 0.8895277976989746,
      "average_duration_seconds": 0.8895277976989746,
      "min_duration_seconds": 0.8895277976989746,
      "max_duration_seconds": 0.8895277976989746,
      "average_memory_delta_mb": 62.5546875,
      "min_memory_delta_mb": 62.5546875,
      "max_memory_delta_mb": 62.5546875,
      "calls_per_second": 1.1241919618327771
    },
    "table_customer_business_rules": {
      "call_count": 1,
      "total_duration_seconds": 0.026672840118408203,
      "average_duration_seconds": 0.026672840118408203,
      "min_duration_seconds": 0.026672840118408203,
      "max_duration_seconds": 0.026672840118408203,
      "average_memory_delta_mb": 0.16796875,
      "min_memory_delta_mb": 0.16796875,
      "max_memory_delta_mb": 0.16796875,
      "calls_per_second": 37.49132059280977
    },
    "table_customer_anomaly_detection": {
      "call_count": 1,
      "total_duration_seconds": 0.01633739471435547,
      "average_duration_seconds": 0.01633739471435547,
      "min_duration_seconds": 0.01633739471435547,
      "max_duration_seconds": 0.01633739471435547,
      "average_memory_delta_mb": 0.13671875,
      "min_memory_delta_mb": 0.13671875,
      "max_memory_delta_mb": 0.13671875,
      "calls_per_second": 61.20926974490689
    },
    "table_product_category_generation": {
      "call_count": 1,
      "total_duration_seconds": 79.72342443466187,
      "average_duration_seconds": 79.72342443466187,
      "min_duration_seconds": 79.72342443466187,
      "max_duration_seconds": 79.72342443466187,
      "average_memory_delta_mb": 12.328125,
      "min_memory_delta_mb": 12.328125,
      "max_memory_delta_mb": 12.328125,
      "calls_per_second": 0.012543364852817632
    },
    "table_product_category_quality_analysis": {
      "call_count": 1,
      "total_duration_seconds": 0.03073716163635254,
      "average_duration_seconds": 0.03073716163635254,
      "min_duration_seconds": 0.03073716163635254,
      "max_duration_seconds": 0.03073716163635254,
      "average_memory_delta_mb": 0.53125,
      "min_memory_delta_mb": 0.53125,
      "max_memory_delta_mb": 0.53125,
      "calls_per_second": 32.533908362485555
    },
    "table_product_category_security_processing": {
      "call_count": 1,
      "total_duration_seconds": 0.12488365173339844,
      "average_duration_seconds": 0.12488365173339844,
      "min_duration_seconds": 0.12488365173339844,
      "max_duration_seconds": 0.12488365173339844,
      "average_memory_delta_mb": 7.2421875,
      "min_memory_delta_mb": 7.2421875,
      "max_memory_delta_mb": 7.2421875,
      "calls_per_second": 8.007453226422298
    },
    "table_product_category_business_rules": {
      "call_count": 1,
      "total_duration_seconds": 2.6941299438476562e-05,
      "average_duration_seconds": 2.6941299438476562e-05,
      "min_duration_seconds": 2.6941299438476562e-05,
      "max_duration_seconds": 2.6941299438476562e-05,
      "average_memory_delta_mb": 0.0,
      "min_memory_delta_mb": 0.0,
      "max_memory_delta_mb": 0.0,
      "calls_per_second": 37117.734513274336
    },
    "table_product_category_anomaly_detection": {
      "call_count": 1,
      "total_duration_seconds": 0.0051038265228271484,
      "average_duration_seconds": 0.0051038265228271484,
      "min_duration_seconds": 0.0051038265228271484,
      "max_duration_seconds": 0.0051038265228271484,
      "average_memory_delta_mb": 0.01171875,
      "min_memory_delta_mb": 0.01171875,
      "max_memory_delta_mb": 0.01171875,
      "calls_per_second": 195.93142430046245
    },
    "table_product_generation": {
      "call_count": 1,
      "total_duration_seconds": 38.286274909973145,
      "average_duration_seconds": 38.286274909973145,
      "min_duration_seconds": 38.286274909973145,
      "max_duration_seconds": 38.286274909973145,
      "average_memory_delta_mb": 99.84765625,
      "min_memory_delta_mb": 99.84765625,
      "max_memory_delta_mb": 99.84765625,
      "calls_per_second": 0.02611902051979236
    },
    "table_product_quality_analysis": {
      "call_count": 1,
      "total_duration_seconds": 0.09565448760986328,
      "average_duration_seconds": 0.09565448760986328,
      "min_duration_seconds": 0.09565448760986328,
      "max_duration_seconds": 0.09565448760986328,
      "average_memory_delta_mb": 2.19921875,
      "min_memory_delta_mb": 2.19921875,
      "max_memory_delta_mb": 2.19921875,
      "calls_per_second": 10.454292579336197
    },
    "table_product_security_processing": {
      "call_count": 1,
      "total_duration_seconds": 0.38067007064819336,
      "average_duration_seconds": 0.38067007064819336,
      "min_duration_seconds": 0.38067007064819336,
      "max_duration_seconds": 0.38067007064819336,