{
  "timestamp": 1749996545.691229,
  "operations": {
    "table_address_generation": {
      "call_count": 1,
      "total_duration_seconds": 219.92469716072083,
      "average_duration_seconds": 219.92469716072083,
      "min_duration_seconds": 219.92469716072083,
      "max_duration_seconds": 219.92469716072083,
      "average_memory_delta_mb": 69.60546875,
      "min_memory_delta_mb": 69.60546875,
      "max_memory_delta_mb": 69.60546875,
      "calls_per_second": 0.004547010921966625
    },
    "table_address_quality_analysis": {
      "call_count": 1,
      "total_duration_seconds": 0.059180259704589844,
      "average_duration_seconds": 0.059180259704589844,
      "min_duration_seconds": 0.059180259704589844,
      "max_duration_seconds": 0.059180259704589844,
      "average_memory_delta_mb": 1.05078125,
      "min_memory_delta_mb": 1.05078125,
      "max_memory_delta_mb": 1.05078125,
      "calls_per_second": 16.89752638788172
    },
    "table_address_security_processing": {
      "call_count": 1,
      "total_duration_seconds": 0.2144317626953125,
      "average_duration_seconds": 0.2144317626953125,
      "min_duration_seconds": 0.2144317626953125,
      "max_duration_seconds": 0.2144317626953125,
      "average_memory_delta_mb": 25.3828125,
      "min_memory_delta_mb": 25.3828125,
      "max_memory_delta_mb": 25.3828125,
      "calls_per_second": 4.663488223155198
    },
    "table_address_business_rules": {
      "call_count": 1,
      "total_duration_seconds": 3.0994415283203125e-05,
      "average_duration_seconds": 3.0994415283203125e-05,
      "min_duration_seconds": 3.0994415283203125e-05,
      "max_duration_seconds": 3.0994415283203125e-05,
      "average_memory_delta_mb": 0.0,
      "min_memory_delta_mb": 0.0,
      "max_memory_delta_mb": 0.0,
      "calls_per_second": 32263.876923076925
    },
    "table_address_anomaly_detection": {
      "call_count": 1,
      "total_duration_seconds": 0.006455183029174805,
      "average_duration_seconds": 0.006455183029174805,
      "min_duration_seconds": 0.006455183029174805,
      "max_duration_seconds": 0.006455183029174805,
      "average_memory_delta_mb": 0.27734375,
      "min_memory_delta_mb": 0.27734375,
      "max_memory_delta_mb": 0.27734375,
      "calls_per_second": 154.9142751615882
    },
    "table_customer_generation": {
      "call_count": 1,
      "total_duration_seconds": 112.84301924705505,
      "average_duration_seconds": 112.84301924705505,
      "min_duration_seconds": 112.84301924705505,
      "max_duration_seconds": 112.84301924705505,
      "average_memory_delta_mb": 84.73828125,
      "min_memory_delta_mb": 84.73828125,
      "max_memory_delta_mb": 84.73828125,
      "calls_per_second": 0.008861868520290393
    },
    "table_customer_quality_analysis": {
      "call_count": 1,
      "total_duration_seconds": 0.11985945701599121,
      "average_duration_seconds": 0.11985945701599121,
      "min_duration_seconds": 0.11985945701599121,
      "max_duration_seconds": 0.11985945701599121,
      "average_memory_delta_mb": 3.6015625,
      "min_memory_delta_mb": 3.6015625,
      "max_memory_delta_mb": 3.6015625,
      "calls_per_second": 8.343104706928413
    },
    "table_customer_security_processing": {
      "call_count": 1,
      "total_duration_seconds": 1.0113844871520996,
      "average_duration_seconds": 1.0113844871520996,
      "min_duration_seconds": 1.0113844871520996,
      "max_duration_seconds": 1.0113844871520996,
      "average_memory_delta_mb": 63.03515625,
      "min_memory_delta_mb": 63.03515625,
      "max_memory_delta_mb": 63.03515625,
      "calls_per_second": 0.9887436605003143
    },
    "table_customer_business_rules": {
      "call_count": 1,
      "total_duration_seconds": 0.02642083168029785,
      "average_duration_seconds": 0.02642083168029785,
      "min_duration_seconds": 0.02642083168029785,
      "max_duration_seconds": 0.02642083168029785,
      "average_memory_delta_mb": 0.15234375,
      "min_memory_delta_mb": 0.15234375,
      "max_memory_delta_mb": 0.15234375,
      "calls_per_second": 37.848922096790204
    },
    "table_customer_anomaly_detection": {
      "call_count": 1,
      "total_duration_seconds": 0.016057729721069336,
      "average_duration_seconds": 0.016057729721069336,
      "min_duration_seconds": 0.016057729721069336,
      "max_duration_seconds": 0.016057729721069336,
      "average_memory_delta_mb": 0.3203125,
      "min_memory_delta_mb": 0.3203125,
      "max_memory_delta_mb": 0.3203125,
      "calls_per_second": 62.27530400439489
    },
    "table_product_category_generation": {
      "call_count": 1,
      "total_duration_seconds": 6.736682653427124,
      "average_duration_seconds": 6.736682653427124,
      "min_duration_seconds": 6.736682653427124,
      "max_duration_seconds": 6.736682653427124,
      "average_memory_delta_mb": 7.53515625,
      "min_memory_delta_mb": 7.53515625,
      "max_memory_delta_mb": 7.53515625,
      "calls_per_second": 0.1484410133957066
    },
    "table_product_category_quality_analysis": {
      "call_count": 1,
      "total_duration_seconds": 0.02248239517211914,
      "average_duration_seconds": 0.02248239517211914,
      "min_duration_seconds": 0.02248239517211914,
      "max_duration_seconds": 0.02248239517211914,
      "average_memory_delta_mb": 0.6953125,
      "min_memory_delta_mb": 0.6953125,
      "max_memory_delta_mb": 0.6953125,
      "calls_per_second": 44.47924664361916
    },
    "table_product_category_security_processing": {
      "call_count": 1,
      "total_duration_seconds": 0.1161184310913086,
      "average_duration_seconds": 0.1161184310913086,
      "min_duration_seconds": 0.1161184310913086,
      "max_duration_seconds": 0.1161184310913086,
      "average_memory_delta_mb": 0.9921875,
      "min_memory_delta_mb": 0.9921875,
      "max_memory_delta_mb": 0.9921875,
      "calls_per_second": 8.611897272480885
    },
    "table_product_category_business_rules": {
      "call_count": 1,
      "total_duration_seconds": 2.6464462280273438e-05,
      "average_duration_seconds": 2.6464462280273438e-05,
      "min_duration_seconds": 2.6464462280273438e-05,
      "max_duration_seconds": 2.6464462280273438e-05,
      "average_memory_delta_mb": 0.0,
      "min_memory_delta_mb": 0.0,
      "max_memory_delta_mb": 0.0,
      "calls_per_second": 37786.52252252252
    },
    "table_product_category_anomaly_detection": {
      "call_count": 1,
      "total_duration_seconds": 0.0043048858642578125,
      "average_duration_seconds": 0.0043048858642578125,
      "min_duration_seconds": 0.0043048858642578125,
      "max_duration_seconds": 0.0043048858642578125,
      "average_memory_delta_mb": 0.0234375,
      "min_memory_delta_mb": 0.0234375,
      "max_memory_delta_mb": 0.0234375,
      "calls_per_second": 232.29419583517944
    },
    "table_product_generation": {
      "call_count": 1,
      "total_duration_seconds": 44.54413890838623,
      "average_duration_seconds": 44.54413890838623,
      "min_duration_seconds": 44.54413890838623,
      "max_duration_seconds": 44.54413890838623,
      "average_memory_delta_mb": 105.0625,
      "min_memory_delta_mb": 105.0625,
      "max_memory_delta_mb": 105.0625,
      "calls_per_second": 0.02244964263551477
    },
    "table_product_quality_analysis": {
      "call_count": 1,
      "total_duration_seconds": 0.16569876670837402,
      "average_duration_seconds": 0.16569876670837402,
      "min_duration_seconds": 0.16569876670837402,
      "max_duration_seconds": 0.16569876670837402,
      "average_memory_delta_mb": 1.890625,
      "min_memory_delta_mb": 1.890625,
      "max_memory_delta_mb": 1.890625,
      "calls_per_second": 6.035047935872551
    },
    "table_product_security_processing": {
      "call_count": 1,
      "total_duration_seconds": 0.42032623291015625,
      "average_duration_seconds": 0.42032623291015625,
      "min_duration_seconds": 0.42032623291015625,
      "max_duration_seconds": 0.42032623291015625,