{
  "timestamp": 1749998038.924601,
  "operations": {
    "table_address_generation": {
      "call_count": 1,
      "total_duration_seconds": 0.004904747009277344,
      "average_duration_seconds": 0.004904747009277344,
      "min_duration_seconds": 0.004904747009277344,
      "max_duration_seconds": 0.004904747009277344,
      "average_memory_delta_mb": 0.2890625,
      "min_memory_delta_mb": 0.2890625,
      "max_memory_delta_mb": 0.2890625,
      "calls_per_second": 203.8841143301575
    },
    "table_address_quality_analysis": {
      "call_count": 1,
      "total_duration_seconds": 0.006606578826904297,
      "average_duration_seconds": 0.006606578826904297,
      "min_duration_seconds": 0.006606578826904297,
      "max_duration_seconds": 0.006606578826904297,
      "average_memory_delta_mb": 0.10546875,
      "min_memory_delta_mb": 0.10546875,
      "max_memory_delta_mb": 0.10546875,
      "calls_per_second": 151.36427282569468
    },
    "table_address_security_processing": {
      "call_count": 1,
      "total_duration_seconds": 0.0002446174621582031,
      "average_duration_seconds": 0.0002446174621582031,
      "min_duration_seconds": 0.0002446174621582031,
      "max_duration_seconds": 0.0002446174621582031,
      "average_memory_delta_mb": 0.0,
      "min_memory_delta_mb": 0.0,
      "max_memory_delta_mb": 0.0,
      "calls_per_second": 4088.01559454191
    },
    "table_address_business_rules": {
      "call_count": 1,
      "total_duration_seconds": 3.2901763916015625e-05,
      "average_duration_seconds": 3.2901763916015625e-05,
      "min_duration_seconds": 3.2901763916015625e-05,
      "max_duration_seconds": 3.2901763916015625e-05,
      "average_memory_delta_mb": 0.0,
      "min_memory_delta_mb": 0.0,
      "max_memory_delta_mb": 0.0,
      "calls_per_second": 30393.507246376812
    },
    "table_address_anomaly_detection": {
      "call_count": 1,
      "total_duration_seconds": 0.001634836196899414,
      "average_duration_seconds": 0.001634836196899414,
      "min_duration_seconds": 0.001634836196899414,
      "max_duration_seconds": 0.001634836196899414,
      "average_memory_delta_mb": 0.07421875,
      "min_memory_delta_mb": 0.07421875,
      "max_memory_delta_mb": 0.07421875,
      "calls_per_second": 611.6820767099315
    },
    "table_customer_generation": {
      "call_count": 1,
      "total_duration_seconds": 0.0038061141967773438,
      "average_duration_seconds": 0.0038061141967773438,
      "min_duration_seconds": 0.0038061141967773438,
      "max_duration_seconds": 0.0038061141967773438,
      "average_memory_delta_mb": 0.0703125,
      "min_memory_delta_mb": 0.0703125,
      "max_memory_delta_mb": 0.0703125,
      "calls_per_second": 262.7351540967176
    },
    "table_customer_quality_analysis": {
      "call_count": 1,
      "total_duration_seconds": 0.019446134567260742,
      "average_duration_seconds": 0.019446134567260742,
      "min_duration_seconds": 0.019446134567260742,
      "max_duration_seconds": 0.019446134567260742,
      "average_memory_delta_mb": 0.55078125,
      "min_memory_delta_mb": 0.55078125,
      "max_memory_delta_mb": 0.55078125,
      "calls_per_second": 51.42410161470274
    },
    "table_customer_security_processing": {
      "call_count": 1,
      "total_duration_seconds": 0.00030231475830078125,
      "average_duration_seconds": 0.00030231475830078125,
      "min_duration_seconds": 0.00030231475830078125,
      "max_duration_seconds": 0.00030231475830078125,
      "average_memory_delta_mb": 0.0,
      "min_memory_delta_mb": 0.0,
      "max_memory_delta_mb": 0.0,
      "calls_per_second": 3307.8107255520504
    },
    "table_customer_business_rules": {
      "call_count": 1,
      "total_duration_seconds": 1.7404556274414062e-05,
      "average_duration_seconds": 1.7404556274414062e-05,
      "min_duration_seconds": 1.7404556274414062e-05,
      "max_duration_seconds": 1.7404556274414062e-05,
      "average_memory_delta_mb": 0.0,
      "min_memory_delta_mb": 0.0,
      "max_memory_delta_mb": 0.0,
      "calls_per_second": 57456.21917808219
    },
    "table_customer_anomaly_detection": {
      "call_count": 1,
      "total_duration_seconds": 0.0028176307678222656,
      "average_duration_seconds": 0.0028176307678222656,
      "min_duration_seconds": 0.0028176307678222656,
      "max_duration_seconds": 0.0028176307678222656,
      "average_memory_delta_mb": 0.02734375,
      "min_memory_delta_mb": 0.02734375,
      "max_memory_delta_mb": 0.02734375,
      "calls_per_second": 354.90810627855814
    },
    "table_product_category_generation": {
      "call_count": 1,
      "total_duration_seconds": 0.0009355545043945312,
      "average_duration_seconds": 0.0009355545043945312,
      "min_duration_seconds": 0.0009355545043945312,
      "max_duration_seconds": 0.0009355545043945312,
      "average_memory_delta_mb": 0.0,
      "min_memory_delta_mb": 0.0,
      "max_memory_delta_mb": 0.0,
      "calls_per_second": 1068.8848114169216
    },
    "table_product_category_quality_analysis": {
      "call_count": 1,
      "total_duration_seconds": 0.004267454147338867,
      "average_duration_seconds": 0.004267454147338867,
      "min_duration_seconds": 0.004267454147338867,
      "max_duration_seconds": 0.004267454147338867,
      "average_memory_delta_mb": 0.0,
      "min_memory_delta_mb": 0.0,
      "max_memory_delta_mb": 0.0,
      "calls_per_second": 234.33175037711604
    },
    "table_product_category_security_processing": {
      "call_count": 1,
      "total_duration_seconds": 0.00015306472778320312,
      "average_duration_seconds": 0.00015306472778320312,
      "min_duration_seconds": 0.00015306472778320312,
      "max_duration_seconds": 0.00015306472778320312,
      "average_memory_delta_mb": 0.0,
      "min_memory_delta_mb": 0.0,
      "max_memory_delta_mb": 0.0,
      "calls_per_second": 6533.183800623053
    },
    "table_product_category_business_rules": {
      "call_count": 1,
      "total_duration_seconds": 1.621246337890625e-05,
      "average_duration_seconds": 1.621246337890625e-05,
      "min_duration_seconds": 1.621246337890625e-05,
      "max_duration_seconds": 1.621246337890625e-05,
      "average_memory_delta_mb": 0.0,
      "min_memory_delta_mb": 0.0,
      "max_memory_delta_mb": 0.0,
      "calls_per_second": 61680.94117647059
    },
    "table_product_category_anomaly_detection": {
      "call_count": 1,
      "total_duration_seconds": 0.0008800029754638672,
      "average_duration_seconds": 0.0008800029754638672,
      "min_duration_seconds": 0.0008800029754638672,
      "max_duration_seconds": 0.0008800029754638672,
      "average_memory_delta_mb": 0.0,
      "min_memory_delta_mb": 0.0,
      "max_memory_delta_mb": 0.0,
      "calls_per_second": 1136.3597940937416
    },
    "table_product_generation": {
      "call_count": 1,
      "total_duration_seconds": 0.0029015541076660156,
      "average_duration_seconds": 0.0029015541076660156,
      "min_duration_seconds": 0.0029015541076660156,
      "max_duration_seconds": 0.0029015541076660156,
      "average_memory_delta_mb": 0.00390625,
      "min_memory_delta_mb": 0.00390625,
      "max_memory_delta_mb": 0.00390625,
      "calls_per_second": 344.642892358258
    },
    "table_product_quality_analysis": {
      "call_count": 1,
      "total_duration_seconds": 0.01475834846496582,
      "average_duration_seconds": 0.01475834846496582,
      "min_duration_seconds": 0.01475834846496582,
      "max_duration_seconds": 0.01475834846496582,
      "average_memory_delta_mb": 0.0234375,
      "min_memory_delta_mb": 0.0234375,
      "max_memory_delta_mb": 0.0234375,
      "calls_per_second": 67.75825915574869
    },
    "table_product_security_processing": {
      "call_count": 1,
      "total_duration_seconds": 0.00017023086547851562,
      "average_duration_seconds": 0.00017023086547851562,
      "min_duration_seconds": 0.00017023086547851562,
      "max_duration_seconds": 0.00017023086547851562,