{
  "timestamp": 1749998242.957297,
  "operations": {
    "table_address_generation": {
      "call_count": 1,
      "total_duration_seconds": 88.44096946716309,
      "average_duration_seconds": 88.44096946716309,
      "min_duration_seconds": 88.44096946716309,
      "max_duration_seconds": 88.44096946716309,
      "average_memory_delta_mb": 36.90234375,
      "min_memory_delta_mb": 36.90234375,
      "max_memory_delta_mb": 36.90234375,
      "calls_per_second": 0.011306976913807873
    },
    "table_address_quality_analysis": {
      "call_count": 1,
      "total_duration_seconds": 0.05564999580383301,
      "average_duration_seconds": 0.05564999580383301,
      "min_duration_seconds": 0.05564999580383301,
      "max_duration_seconds": 0.05564999580383301,
      "average_memory_delta_mb": 0.30078125,
      "min_memory_delta_mb": 0.30078125,
      "max_memory_delta_mb": 0.30078125,
      "calls_per_second": 17.969453286663555
    },
    "table_address_security_processing": {
      "call_count": 1,
      "total_duration_seconds": 0.10115742683410645,
      "average_duration_seconds": 0.10115742683410645,
      "min_duration_seconds": 0.10115742683410645,
      "max_duration_seconds": 0.10115742683410645,
      "average_memory_delta_mb": 11.92578125,
      "min_memory_delta_mb": 11.92578125,
      "max_memory_delta_mb": 11.92578125,
      "calls_per_second": 9.885581625558292
    },
    "table_address_business_rules": {
      "call_count": 1,
      "total_duration_seconds": 2.5987625122070312e-05,
      "average_duration_seconds": 2.5987625122070312e-05,
      "min_duration_seconds": 2.5987625122070312e-05,
      "max_duration_seconds": 2.5987625122070312e-05,
      "average_memory_delta_mb": 0.0,
      "min_memory_delta_mb": 0.0,
      "max_memory_delta_mb": 0.0,
      "calls_per_second": 38479.85321100918
    },
    "table_address_anomaly_detection": {
      "call_count": 1,
      "total_duration_seconds": 0.007603645324707031,
      "average_duration_seconds": 0.007603645324707031,
      "min_duration_seconds": 0.007603645324707031,
      "max_duration_seconds": 0.007603645324707031,
      "average_memory_delta_mb": 0.44921875,
      "min_memory_delta_mb": 0.44921875,
      "max_memory_delta_mb": 0.44921875,
      "calls_per_second": 131.51586604791171
    },
    "table_customer_generation": {
      "call_count": 1,
      "total_duration_seconds": 43.402944564819336,
      "average_duration_seconds": 43.402944564819336,
      "min_duration_seconds": 43.402944564819336,
      "max_duration_seconds": 43.402944564819336,
      "average_memory_delta_mb": 44.78515625,
      "min_memory_delta_mb": 44.78515625,
      "max_memory_delta_mb": 44.78515625,
      "calls_per_second": 0.023039911462840228
    },
    "table_customer_quality_analysis": {
      "call_count": 1,
      "total_duration_seconds": 0.10991716384887695,
      "average_duration_seconds": 0.10991716384887695,
      "min_duration_seconds": 0.10991716384887695,
      "max_duration_seconds": 0.10991716384887695,
      "average_memory_delta_mb": 2.89453125,
      "min_memory_delta_mb": 2.89453125,
      "max_memory_delta_mb": 2.89453125,
      "calls_per_second": 9.097760213089934
    },
    "table_customer_security_processing": {
      "call_count": 1,
      "total_duration_seconds": 0.43596863746643066,
      "average_duration_seconds": 0.43596863746643066,
      "min_duration_seconds": 0.43596863746643066,
      "max_duration_seconds": 0.43596863746643066,
      "average_memory_delta_mb": 29.75,
      "min_memory_delta_mb": 29.75,
      "max_memory_delta_mb": 29.75,
      "calls_per_second": 2.293742976126349
    },
    "table_customer_business_rules": {
      "call_count": 1,
      "total_duration_seconds": 2.193450927734375e-05,
      "average_duration_seconds": 2.193450927734375e-05,
      "min_duration_seconds": 2.193450927734375e-05,
      "max_duration_seconds": 2.193450927734375e-05,
      "average_memory_delta_mb": 0.0,
      "min_memory_delta_mb": 0.0,
      "max_memory_delta_mb": 0.0,
      "calls_per_second": 45590.260869565216
    },
    "table_customer_anomaly_detection": {
      "call_count": 1,
      "total_duration_seconds": 0.013134956359863281,
      "average_duration_seconds": 0.013134956359863281,
      "min_duration_seconds": 0.013134956359863281,
      "max_duration_seconds": 0.013134956359863281,
      "average_memory_delta_mb": 0.640625,
      "min_memory_delta_mb": 0.640625,
      "max_memory_delta_mb": 0.640625,
      "calls_per_second": 76.13272344442024
    },
    "table_product_category_generation": {
      "call_count": 1,
      "total_duration_seconds": 3.1475422382354736,
      "average_duration_seconds": 3.1475422382354736,
      "min_duration_seconds": 3.1475422382354736,
      "max_duration_seconds": 3.1475422382354736,
      "average_memory_delta_mb": 3.6484375,
      "min_memory_delta_mb": 3.6484375,
      "max_memory_delta_mb": 3.6484375,
      "calls_per_second": 0.3177082066929162
    },
    "table_product_category_quality_analysis": {
      "call_count": 1,
      "total_duration_seconds": 0.020455598831176758,
      "average_duration_seconds": 0.020455598831176758,
      "min_duration_seconds": 0.020455598831176758,
      "max_duration_seconds": 0.020455598831176758,
      "average_memory_delta_mb": 0.03515625,
      "min_memory_delta_mb": 0.03515625,
      "max_memory_delta_mb": 0.03515625,
      "calls_per_second": 48.886371318344466
    },
    "table_product_category_security_processing": {
      "call_count": 1,
      "total_duration_seconds": 0.04485321044921875,
      "average_duration_seconds": 0.04485321044921875,
      "min_duration_seconds": 0.04485321044921875,
      "max_duration_seconds": 0.04485321044921875,
      "average_memory_delta_mb": 0.640625,
      "min_memory_delta_mb": 0.640625,
      "max_memory_delta_mb": 0.640625,
      "calls_per_second": 22.294948120428643
    },
    "table_product_category_business_rules": {
      "call_count": 1,
      "total_duration_seconds": 2.6226043701171875e-05,
      "average_duration_seconds": 2.6226043701171875e-05,
      "min_duration_seconds": 2.6226043701171875e-05,
      "max_duration_seconds": 2.6226043701171875e-05,
      "average_memory_delta_mb": 0.0,
      "min_memory_delta_mb": 0.0,
      "max_memory_delta_mb": 0.0,
      "calls_per_second": 38130.03636363636
    },
    "table_product_category_anomaly_detection": {
      "call_count": 1,
      "total_duration_seconds": 0.004991054534912109,
      "average_duration_seconds": 0.004991054534912109,
      "min_duration_seconds": 0.004991054534912109,
      "max_duration_seconds": 0.004991054534912109,
      "average_memory_delta_mb": 0.0,
      "min_memory_delta_mb": 0.0,
      "max_memory_delta_mb": 0.0,
      "calls_per_second": 200.35845992165855
    },
    "table_product_generation": {
      "call_count": 1,
      "total_duration_seconds": 18.046370029449463,
      "average_duration_seconds": 18.046370029449463,
      "min_duration_seconds": 18.046370029449463,
      "max_duration_seconds": 18.046370029449463,
      "average_memory_delta_mb": 63.40625,
      "min_memory_delta_mb": 63.40625,
      "max_memory_delta_mb": 63.40625,
      "calls_per_second": 0.055412805919867685
    },
    "table_product_quality_analysis": {
      "call_count": 1,
      "total_duration_seconds": 0.10536646842956543,
      "average_duration_seconds": 0.10536646842956543,
      "min_duration_seconds": 0.10536646842956543,
      "max_duration_seconds": 0.10536646842956543,
      "average_memory_delta_mb": 2.34765625,
      "min_memory_delta_mb": 2.34765625,
      "max_memory_delta_mb": 2.34765625,
      "calls_per_second": 9.490685366079934
    },
    "table_product_security_processing": {
      "call_count": 1,
      "total_duration_seconds": 0.17647576332092285,
      "average_duration_seconds": 0.17647576332092285,
      "min_duration_seconds": 0.17647576332092285,
      "max_duration_seconds": 0.17647576332092285,