{
  "timestamp": 1749998971.5865858,
  "operations": {
    "table_address_generation": {
      "call_count": 1,
      "total_duration_seconds": 189.52822279930115,
      "average_duration_seconds": 189.52822279930115,
      "min_duration_seconds": 189.52822279930115,
      "max_duration_seconds": 189.52822279930115,
      "average_memory_delta_mb": 69.23828125,
      "min_memory_delta_mb": 69.23828125,
      "max_memory_delta_mb": 69.23828125,
      "calls_per_second": 0.005276259045909691
    },
    "table_address_quality_analysis": {
      "call_count": 1,
      "total_duration_seconds": 0.04624319076538086,
      "average_duration_seconds": 0.04624319076538086,
      "min_duration_seconds": 0.04624319076538086,
      "max_duration_seconds": 0.04624319076538086,
      "average_memory_delta_mb": 0.828125,
      "min_memory_delta_mb": 0.828125,
      "max_memory_delta_mb": 0.828125,
      "calls_per_second": 21.624805370234792
    },
    "table_address_security_processing": {
      "call_count": 1,
      "total_duration_seconds": 0.16746068000793457,
      "average_duration_seconds": 0.16746068000793457,
      "min_duration_seconds": 0.16746068000793457,
      "max_duration_seconds": 0.16746068000793457,
      "average_memory_delta_mb": 25.83984375,
      "min_memory_delta_mb": 25.83984375,
      "max_memory_delta_mb": 25.83984375,
      "calls_per_second": 5.9715510527762
    },
    "table_address_business_rules": {
      "call_count": 1,
      "total_duration_seconds": 2.1696090698242188e-05,
      "average_duration_seconds": 2.1696090698242188e-05,
      "min_duration_seconds": 2.1696090698242188e-05,
      "max_duration_seconds": 2.1696090698242188e-05,
      "average_memory_delta_mb": 0.0,
      "min_memory_delta_mb": 0.0,
      "max_memory_delta_mb": 0.0,
      "calls_per_second": 46091.25274725275
    },
    "table_address_anomaly_detection": {
      "call_count": 1,
      "total_duration_seconds": 0.005949497222900391,
      "average_duration_seconds": 0.005949497222900391,
      "min_duration_seconds": 0.005949497222900391,
      "max_duration_seconds": 0.005949497222900391,
      "average_memory_delta_mb": 0.078125,
      "min_memory_delta_mb": 0.078125,
      "max_memory_delta_mb": 0.078125,
      "calls_per_second": 168.08142983088882
    },
    "table_customer_generation": {
      "call_count": 1,
      "total_duration_seconds": 92.61271929740906,
      "average_duration_seconds": 92.61271929740906,
      "min_duration_seconds": 92.61271929740906,
      "max_duration_seconds": 92.61271929740906,
      "average_memory_delta_mb": 87.0625,
      "min_memory_delta_mb": 87.0625,
      "max_memory_delta_mb": 87.0625,
      "calls_per_second": 0.010797652931328797
    },
    "table_customer_quality_analysis": {
      "call_count": 1,
      "total_duration_seconds": 0.10579133033752441,
      "average_duration_seconds": 0.10579133033752441,
      "min_duration_seconds": 0.10579133033752441,
      "max_duration_seconds": 0.10579133033752441,
      "average_memory_delta_mb": 3.6171875,
      "min_memory_delta_mb": 3.6171875,
      "max_memory_delta_mb": 3.6171875,
      "calls_per_second": 9.452570421503603
    },
    "table_customer_security_processing": {
      "call_count": 1,
      "total_duration_seconds": 0.7947678565979004,
      "average_duration_seconds": 0.7947678565979004,
      "min_duration_seconds": 0.7947678565979004,
      "max_duration_seconds": 0.7947678565979004,
      "average_memory_delta_mb": 62.546875,
      "min_memory_delta_mb": 62.546875,
      "max_memory_delta_mb": 62.546875,
      "calls_per_second": 1.2582290434852519
    },
    "table_customer_business_rules": {
      "call_count": 1,
      "total_duration_seconds": 3.933906555175781e-05,
      "average_duration_seconds": 3.933906555175781e-05,
      "min_duration_seconds": 3.933906555175781e-05,
      "max_duration_seconds": 3.933906555175781e-05,
      "average_memory_delta_mb": 0.0,
      "min_memory_delta_mb": 0.0,
      "max_memory_delta_mb": 0.0,
      "calls_per_second": 25420.024242424242
    },
    "table_customer_anomaly_detection": {
      "call_count": 1,
      "total_duration_seconds": 0.014422416687011719,
      "average_duration_seconds": 0.014422416687011719,
      "min_duration_seconds": 0.014422416687011719,
      "max_duration_seconds": 0.014422416687011719,
      "average_memory_delta_mb": 0.41796875,
      "min_memory_delta_mb": 0.41796875,
      "max_memory_delta_mb": 0.41796875,
      "calls_per_second": 69.3365073067513
    },
    "table_product_category_generation": {
      "call_count": 1,
      "total_duration_seconds": 8.813132286071777,
      "average_duration_seconds": 8.813132286071777,
      "min_duration_seconds": 8.813132286071777,
      "max_duration_seconds": 8.813132286071777,
      "average_memory_delta_mb": 8.5703125,
      "min_memory_delta_mb": 8.5703125,
      "max_memory_delta_mb": 8.5703125,
      "calls_per_second": 0.11346703618421729
    },
    "table_product_category_quality_analysis": {
      "call_count": 1,
      "total_duration_seconds": 0.02791309356689453,
      "average_duration_seconds": 0.02791309356689453,
      "min_duration_seconds": 0.02791309356689453,
      "max_duration_seconds": 0.02791309356689453,
      "average_memory_delta_mb": 0.6875,
      "min_memory_delta_mb": 0.6875,
      "max_memory_delta_mb": 0.6875,
      "calls_per_second": 35.82548088421196
    },
    "table_product_category_security_processing": {
      "call_count": 1,
      "total_duration_seconds": 0.15305566787719727,
      "average_duration_seconds": 0.15305566787719727,
      "min_duration_seconds": 0.15305566787719727,
      "max_duration_seconds": 0.15305566787719727,
      "average_memory_delta_mb": 1.0078125,
      "min_memory_delta_mb": 1.0078125,
      "max_memory_delta_mb": 1.0078125,
      "calls_per_second": 6.53357052286584
    },
    "table_product_category_business_rules": {
      "call_count": 1,
      "total_duration_seconds": 4.57763671875e-05,
      "average_duration_seconds": 4.57763671875e-05,
      "min_duration_seconds": 4.57763671875e-05,
      "max_duration_seconds": 4.57763671875e-05,
      "average_memory_delta_mb": 0.0,
      "min_memory_delta_mb": 0.0,
      "max_memory_delta_mb": 0.0,
      "calls_per_second": 21845.333333333332
    },
    "table_product_category_anomaly_detection": {
      "call_count": 1,
      "total_duration_seconds": 0.007569313049316406,
      "average_duration_seconds": 0.007569313049316406,
      "min_duration_seconds": 0.007569313049316406,
      "max_duration_seconds": 0.007569313049316406,
      "average_memory_delta_mb": 0.0546875,
      "min_memory_delta_mb": 0.0546875,
      "max_memory_delta_mb": 0.0546875,
      "calls_per_second": 132.112385032128
    },
    "table_product_generation": {
      "call_count": 1,
      "total_duration_seconds": 33.828253746032715,
      "average_duration_seconds": 33.828253746032715,
      "min_duration_seconds": 33.828253746032715,
      "max_duration_seconds": 33.828253746032715,
      "average_memory_delta_mb": 107.2421875,
      "min_memory_delta_mb": 107.2421875,
      "max_memory_delta_mb": 107.2421875,
      "calls_per_second": 0.029561088417615327
    },
    "table_product_quality_analysis": {
      "call_count": 1,
      "total_duration_seconds": 0.07372617721557617,
      "average_duration_seconds": 0.07372617721557617,
      "min_duration_seconds": 0.07372617721557617,
      "max_duration_seconds": 0.07372617721557617,
      "average_memory_delta_mb": 2.05078125,
      "min_memory_delta_mb": 2.05078125,
      "max_memory_delta_mb": 2.05078125,
      "calls_per_second": 13.563703392296995
    },
    "table_product_security_processing": {
      "call_count": 1,
      "total_duration_seconds": 0.3505058288574219,
      "average_duration_seconds": 0.3505058288574219,
      "min_duration_seconds": 0.3505058288574219,
      "max_duration_seconds": 0.3505058288574219,
      "average_memory_delta_mb": 44.53125,