{
  "timestamp": 1750163479.7944477,
  "operations": {
    "table_address_generation": {
      "call_count": 1,
      "total_duration_seconds": 0.0034332275390625,
      "average_duration_seconds": 0.0034332275390625,
      "min_duration_seconds": 0.0034332275390625,
      "max_duration_seconds": 0.0034332275390625,
      "average_memory_delta_mb": 0.2578125,
      "min_memory_delta_mb": 0.2578125,
      "max_memory_delta_mb": 0.2578125,
      "calls_per_second": 291.2711111111111
    },
    "table_address_quality_analysis": {
      "call_count": 1,
      "total_duration_seconds": 0.0076563358306884766,
      "average_duration_seconds": 0.0076563358306884766,
      "min_duration_seconds": 0.0076563358306884766,
      "max_duration_seconds": 0.0076563358306884766,
      "average_memory_delta_mb": 0.51171875,
      "min_memory_delta_mb": 0.51171875,
      "max_memory_delta_mb": 0.51171875,
      "calls_per_second": 130.6107806807212
    },
    "table_address_security_processing": {
      "call_count": 1,
      "total_duration_seconds": 3.62396240234375e-05,
      "average_duration_seconds": 3.62396240234375e-05,
      "min_duration_seconds": 3.62396240234375e-05,
      "max_duration_seconds": 3.62396240234375e-05,
      "average_memory_delta_mb": 0.0,
      "min_memory_delta_mb": 0.0,
      "max_memory_delta_mb": 0.0,
      "calls_per_second": 27594.105263157893
    },
    "table_address_business_rules": {
      "call_count": 1,
      "total_duration_seconds": 1.811981201171875e-05,
      "average_duration_seconds": 1.811981201171875e-05,
      "min_duration_seconds": 1.811981201171875e-05,
      "max_duration_seconds": 1.811981201171875e-05,
      "average_memory_delta_mb": 0.0,
      "min_memory_delta_mb": 0.0,
      "max_memory_delta_mb": 0.0,
      "calls_per_second": 55188.21052631579
    },
    "table_address_anomaly_detection": {
      "call_count": 1,
      "total_duration_seconds": 0.0011775493621826172,
      "average_duration_seconds": 0.0011775493621826172,
      "min_duration_seconds": 0.0011775493621826172,
      "max_duration_seconds": 0.0011775493621826172,
      "average_memory_delta_mb": 0.1015625,
      "min_memory_delta_mb": 0.1015625,
      "max_memory_delta_mb": 0.1015625,
      "calls_per_second": 849.2212998582709
    }
  }
}